date,fund_name,nav,offer_price,redemption_price,front_end_load
2026-02-10,786 Islamic Money Market Fund,106.1747,107.2364,106.1747,0.0000
2026-02-10,786 Smart Fund,88.9719,89.8616,88.9719,0.0000
2026-02-10,ABL Cash Fund,10.8885,10.9832,10.8885,1.0000
2026-02-10,ABL Financial Planning Fund (Conservative Plan),120.2960,123.0869,120.2960,0.0000
2026-02-10,ABL Financial Planning Fund (Strategic Allocation Plan),106.3016,0.0000,106.3016,0.0000
2026-02-10,ABL Financial Sector Fund Plan I,10.6506,10.8977,10.6506,0.0000
2026-02-10,ABL Fixed Rate Plan XIX,10.6608,0.0000,10.6608,0.0000
2026-02-10,ABL Fixed Rate Plan XXII,10.2243,0.0000,10.2243,0.0000
2026-02-10,ABL Fixed Rate Plan XXIII,10.2009,0.0000,10.2009,0.0000
2026-02-10,ABL Fixed Rate Plan XXIV,10.0000,0.0000,10.0000,0.0000
2026-02-10,ABL GOKP Islamic Pension Fund,120.4504,0.0000,120.4504,0.0000
2026-02-10,ABL GOKP Pension Fund,127.0892,0.0000,127.0892,0.0000
2026-02-10,ABL GOPB Islamic Pension Fund,101.2589,0.0000,101.2589,0.0000
2026-02-10,ABL GOPB Pension Fund,102.0314,0.0000,102.0314,0.0000
2026-02-10,ABL Government Securities Fund,10.8029,10.9909,10.8029,0.0000
2026-02-10,ABL Income Fund,10.8411,11.0297,10.8411,0.0000
2026-02-10,ABL Islamic Asset Allocation Fund,10.1738,10.5278,10.1738,0.0000
2026-02-10,ABL Islamic Cash Fund,10.0453,10.1618,10.0453,1.0000
2026-02-10,ABL Islamic Dedicated Stock Fund,19.1503,19.1503,19.1503,0.0000
2026-02-10,ABL Islamic Financial Planning Fund (Active Allocation Plan),107.7698,110.2701,107.7698,0.0000
2026-02-10,ABL Islamic Financial Planning Fund (Capital Preservation Plan I),113.9583,0.0000,113.9583,0.0000
2026-02-10,ABL Islamic Financial Planning Fund (Conservative Allocation Plan),122.4569,125.2979,122.4569,0.0000
2026-02-10,ABL Islamic Income Fund,10.8659,11.0550,10.8659,0.0000
2026-02-10,ABL Islamic Money Market Plan I,10.6330,10.8797,10.6330,0.0000
2026-02-10,ABL Islamic Pension Fund,222.9669,230.7261,222.9669,0.0000
2026-02-10,ABL Islamic Pension Fund,627.8390,649.6878,627.8390,0.0000
2026-02-10,ABL Islamic Pension Fund,225.9919,233.8564,225.9919,0.0000
2026-02-10,ABL Islamic Sovereign Plan I,10.6083,10.9775,10.6083,0.0000
2026-02-10,ABL Islamic Stock Fund,35.0818,35.8957,35.0818,0.0000
2026-02-10,ABL Money Market Plan I,10.6122,10.8584,10.6122,0.0000
2026-02-10,ABL Optimal Asset Allocation Fund,10.7787,11.1538,10.7787,3.0000
2026-02-10,ABL Pension Fund,363.7079,376.3649,363.7079,0.0000
2026-02-10,ABL Pension Fund,685.3805,709.2317,685.3805,0.0000
2026-02-10,ABL Pension Fund,277.4190,287.0732,277.4190,0.0000
2026-02-10,ABL Special Saving Fund (ABL Special Saving Plan I),10.7480,10.8727,10.7480,0.0000
2026-02-10,ABL Special Saving Fund (ABL Special Saving Plan II),11.2123,11.4724,11.2123,0.0000
2026-02-10,ABL Special Saving Fund (ABL Special Saving Plan III),10.8290,11.0802,10.8290,0.0000
2026-02-10,ABL Special Saving Fund (ABL Special Saving Plan IV),10.8441,10.9699,10.8441,0.0000
2026-02-10,ABL Special Saving Fund (ABL Special Saving Plan V),10.7435,10.8681,10.7435,0.0000
2026-02-10,ABL Special Saving Fund (ABL Special Saving Plan VI),10.7024,10.8265,10.7024,0.0000
2026-02-10,ABL Stock Fund,40.7565,41.7021,40.7565,0.0000
2026-02-10,AKD Aggressive Income Fund,59.5790,60.2642,59.5790,0.0000
2026-02-10,AKD Cash Fund,55.2286,55.2286,55.2286,0.0000
2026-02-10,AKD Index Tracker Fund,44.0677,44.5745,44.0677,0.0000
2026-02-10,AKD Islamic Cash Fund,52.2398,52.2398,52.2398,0.0000
2026-02-10,AKD Islamic Income Fund,54.8144,55.4447,54.8144,0.0000
2026-02-10,AKD Islamic Stock Fund,117.7730,121.8362,117.7730,0.0000
2026-02-10,AKD Opportunity Fund,231.4515,239.4365,231.4515,0.0000
2026-02-10,AL Habib Asset Allocation Fund,138.2423,141.0071,138.2423,0.0000
2026-02-10,AL Habib Cash Fund,107.9657,111.2047,107.9657,0.0000
2026-02-10,AL Habib Fixed Return Fund Plan 19,108.0091,108.0091,108.0091,0.0000
2026-02-10,AL Habib Fixed Return Fund Plan 22,106.6085,106.6085,106.6085,0.0000
2026-02-10,AL Habib Fixed Return Fund Plan 23,105.1511,105.1511,105.1511,0.0000
2026-02-10,AL Habib Fixed Return Fund Plan 24,105.1128,105.1128,105.1128,0.0000
2026-02-10,AL Habib GOKP Islamic Pension Fund,131.7417,131.7417,131.7417,0.0000
2026-02-10,AL Habib GOKP Pension Fund,134.9960,134.9960,134.9960,0.0000
2026-02-10,AL Habib Government Securities Fund,106.8016,110.0056,106.8016,0.0000
2026-02-10,AL Habib Income Fund,108.7114,111.9727,108.7114,0.0000
2026-02-10,AL Habib Islamic Cash Fund,106.3562,109.5469,106.3562,0.0000
2026-02-10,AL Habib Islamic Income Fund,108.1695,111.4146,108.1695,0.0000
2026-02-10,AL Habib Islamic Pension Fund,505.1019,520.2550,505.1019,0.0000
2026-02-10,AL Habib Islamic Pension Fund,166.6635,171.6634,166.6635,0.0000
2026-02-10,AL Habib Islamic Pension Fund,163.2515,168.1490,163.2515,0.0000
2026-02-10,AL Habib Islamic Savings Fund,106.6024,109.8005,106.6024,0.0000
2026-02-10,AL Habib Islamic Stock Fund,193.8761,197.7536,193.8761,0.0000
2026-02-10,AL Habib Money Market Fund,106.7376,109.9397,106.7376,0.0000
2026-02-10,AL Habib Pension Fund,573.8543,591.0699,573.8543,0.0000
2026-02-10,AL Habib Pension Fund,180.6659,186.0859,180.6659,0.0000
2026-02-10,AL Habib Pension Fund,175.9189,181.1965,175.9189,0.0000
2026-02-10,AL Habib Sovereign Income Fund Plan 1,106.6232,106.6232,106.6232,0.0000
2026-02-10,AL Habib Sovereign Income Fund Plan 2,106.6831,106.6831,106.6831,0.0000
2026-02-10,AL Habib Sovereign Income Fund Plan 3,106.6890,106.6890,106.6890,0.0000
2026-02-10,AL Habib Stock Fund,191.6176,195.4500,191.6176,0.0000
2026-02-10,AWT Financial Sector Income Fund,104.8168,104.8168,104.8168,0.0000
2026-02-10,AWT Income Fund,117.1075,118.4542,117.1075,0.0000
2026-02-10,AWT Islamic Asset Allocation Fund,191.1670,195.5638,191.1670,0.0000
2026-02-10,AWT Islamic Income Fund,112.1884,114.7687,112.1884,0.0000
2026-02-10,AWT Islamic Money Market Fund,125.2922,125.2922,125.2922,0.5000
2026-02-10,AWT Islamic Pension Fund,137.3679,137.3679,137.3679,0.0000
2026-02-10,AWT Islamic Pension Fund,110.5522,110.5522,110.5522,0.0000
2026-02-10,AWT Islamic Pension Fund,108.7884,108.7884,108.7884,0.0000
2026-02-10,AWT Islamic Stock Fund,201.0753,205.7001,201.0753,0.0000
2026-02-10,Al Ameen Islamic Aggressive Income Fund,107.5359,108.7726,107.5359,1.0000
2026-02-10,Al Ameen Islamic Aggressive Income Plan I,118.5062,118.8410,118.5062,0.2500
2026-02-10,Al Ameen Islamic Asset Allocation Fund,224.6540,232.4046,224.6540,3.0000
2026-02-10,Al Ameen Islamic Cash Fund,107.4193,107.4193,107.4193,0.0000
2026-02-10,Al Ameen Islamic Cash Plan I,106.7755,106.7755,106.7755,0.0000
2026-02-10,Al Ameen Islamic Energy Fund,366.2110,378.8453,366.2110,3.0000
2026-02-10,Al Ameen Islamic Income Fund,105.6148,107.4367,105.6148,1.5000
2026-02-10,Al Ameen Islamic Punjab Pension Fund,100.7551,100.7551,100.7551,0.0000
2026-02-10,Al Ameen Islamic Retirement Savings Fund,366.7641,366.7641,366.7641,3.0000
2026-02-10,Al Ameen Islamic Retirement Savings Fund,3060.8654,3060.8654,3060.8654,3.0000
2026-02-10,Al Ameen Islamic Retirement Savings Fund,355.2120,355.2120,355.2120,3.0000
2026-02-10,Al Ameen Islamic Sovereign Fund,108.5468,109.7951,108.5468,1.0000
2026-02-10,Al Ameen Shariah Stock Fund,533.8600,549.2100,533.8600,2.5000
2026-02-10,Al Ameen Voluntary Pension Fund KPK,130.0025,130.0025,130.0025,0.0000
2026-02-10,Al Meezan Mutual Fund,51.9422,53.1368,51.9422,0.0000
2026-02-10,Alfalah Asset Allocation Fund,82.7917,85.6480,82.7917,0.0000
2026-02-10,Alfalah Cash Fund - II,108.8293,111.3324,108.8293,0.0000
2026-02-10,Alfalah Consumer Index Exchange Traded Fund,19.3900,19.3900,19.3897,0.0000
2026-02-10,Alfalah Financial Sector Income Fund,106.7479,109.2031,106.7479,0.0000
2026-02-10,Alfalah Financial Sector Opportunity Fund,124.1014,126.9557,124.1014,0.0000
2026-02-10,Alfalah Financial Value Fund (Alfalah Financial Value Plan I),147.3549,152.4386,147.3549,0.0000
2026-02-10,Alfalah Financial Value Fund - II,115.8411,119.8376,115.8411,3.0000
2026-02-10,Alfalah GHP Alpha Fund,125.7600,130.0987,125.7633,0.0000
2026-02-10,Alfalah GHP Cash Fund,533.9479,546.2287,533.9479,0.0000
2026-02-10,Alfalah GHP Dedicated Equity Fund,225.2303,230.4106,225.2303,0.0000
2026-02-10,Alfalah GHP Income Fund,121.7304,124.5302,121.7304,2.0000
2026-02-10,Alfalah GHP Income Multiplier Fund,61.8469,63.9806,61.8469,6.0000
2026-02-10,Alfalah GHP Islamic Dedicated Equity Fund,124.3935,126.5393,124.3935,0.0000
2026-02-10,Alfalah GHP Islamic Income Fund,109.3447,111.8596,109.3447,0.0000
2026-02-10,Alfalah GHP Islamic Pension Fund,211.8596,219.1688,211.8596,0.0000
2026-02-10,Alfalah GHP Islamic Pension Fund,339.3853,351.0941,339.3853,0.0000
2026-02-10,Alfalah GHP Islamic Pension Fund,216.8365,224.3174,216.8365,0.0000
2026-02-10,Alfalah GHP Islamic Prosperity Planning Fund (Alfalah GHP Islamic Active Allocation Plan II),105.8643,108.9079,105.8643,0.0000
2026-02-10,Alfalah GHP Islamic Prosperity Planning Fund (Alfalah GHP Islamic Balance Allocation Plan),110.4793,112.0674,110.4793,0.0000
2026-02-10,Alfalah GHP Islamic Prosperity Planning Fund (Alfalah GHP Islamic Moderate Allocation Plan),118.5848,0.0000,118.5848,0.0000
2026-02-10,Alfalah GHP Islamic Stock Fund,76.1343,78.7609,76.1343,0.0000
2026-02-10,Alfalah GHP Islamic Value Fund,137.0031,140.1542,137.0031,0.0000
2026-02-10,Alfalah GHP Money Market Fund,105.1260,107.5439,105.1260,1.0000
2026-02-10,Alfalah GHP Pension Fund,366.0921,378.7223,366.0921,0.0000
2026-02-10,Alfalah GHP Pension Fund,247.4859,256.0242,247.4859,0.0000
2026-02-10,Alfalah GHP Pension Fund,246.2612,254.7572,246.2612,0.0000
2026-02-10,Alfalah GHP Prosperity Planning Fund (Alfalah GHP Active Allocation Plan),130.0608,133.0522,130.0608,0.0000
2026-02-10,Alfalah GHP Prosperity Planning Fund (Alfalah GHP Conservative Allocation Plan),122.4099,123.8176,122.4099,0.0000
2026-02-10,Alfalah GHP Prosperity Planning Fund (Alfalah GHP Moderate Allocation Plan),116.7008,118.7139,116.7008,0.0000
2026-02-10,Alfalah GHP Prosperity Planning Fund (Capital Preservation Plan IV),118.3417,0.0000,118.3417,0.0000
2026-02-10,Alfalah GHP Sovereign Fund,114.7555,117.3949,114.7555,0.0000
2026-02-10,Alfalah GHP Stock Fund,215.7057,221.9072,215.7057,0.0000
2026-02-10,Alfalah GHP Value Fund,96.4458,99.7732,96.4458,0.0000
2026-02-10,Alfalah Government Securities Fund - II,134.2621,137.3501,134.2621,0.0000
2026-02-10,Alfalah Government Securities Fund Plan I,107.4243,111.1304,107.4243,0.0000
2026-02-10,Alfalah Government Securities Fund Plan II,105.7866,109.4362,105.7866,0.0000
2026-02-10,Alfalah Income & Growth Fund,123.5669,126.4089,123.5669,0.0000
2026-02-10,Alfalah Islamic KPK Employee Pension Fund,129.9977,129.9977,129.9977,0.0000
2026-02-10,Alfalah Islamic Money Market Fund,106.5270,108.9771,106.5270,0.0000
2026-02-10,Alfalah Islamic Rozana Amdani Fund,100.0483,102.3494,100.0483,0.0000
2026-02-10,Alfalah Islamic Sovereign Fund (Alfalah Islamic Sovereign Plan I),101.5424,105.0456,101.5424,0.0000
2026-02-10,Alfalah Islamic Sovereign Fund (Alfalah Islamic Sovereign Plan II),116.6826,120.7081,116.6826,0.0000
2026-02-10,Alfalah Islamic Sovereign Fund (Alfalah Islamic Sovereign Plan III),106.7834,110.4674,106.7834,0.0000
2026-02-10,Alfalah Islamic Stable Return Fund Plan X,101.7708,101.7708,101.7708,0.0000
2026-02-10,Alfalah Islamic Stable Return Fund Plan XII,100.2196,100.2196,100.2196,0.0000
2026-02-10,Alfalah KPK Employee Pension Fund,134.4274,134.4274,134.4274,0.0000
2026-02-10,Alfalah KTrade Islamic Plan VII,130.2534,134.7471,130.2534,0.0000
2026-02-10,Alfalah MTS Fund,110.9108,113.4617,110.9108,0.0000
2026-02-10,Alfalah Money Market Fund - II,109.7229,112.2465,109.7229,0.0000
2026-02-10,Alfalah Pension Fund - II,127.6706,132.0752,127.6706,0.0000
2026-02-10,Alfalah Pension Fund - II,0.0000,0.0000,0.0000,0.0000
2026-02-10,Alfalah Pension Fund - II,198.0191,204.8508,198.0191,0.0000
2026-02-10,Alfalah Savings Growth Fund,112.1007,114.6790,112.1007,0.0000
2026-02-10,Alfalah Special Savings Fund - I,144.5416,147.8661,144.5416,0.0000
2026-02-10,Alfalah Special Savings Fund - II,113.3826,115.9904,113.3826,0.0000
2026-02-10,Alfalah Stable Return Fund Plan XX,106.2260,106.2260,106.2260,0.0000
2026-02-10,Alfalah Stable Return Fund Plan XXI,106.4582,106.4582,106.4582,0.0000
2026-02-10,Alfalah Stable Return Fund Plan XXII,104.6153,104.6153,104.6153,0.0000
2026-02-10,Alfalah Stable Return Fund Plan XXIII,103.8085,103.8085,103.8085,0.0000
2026-02-10,Alfalah Stable Return Fund Plan XXIV,103.3801,103.3801,103.3801,0.0000
2026-02-10,Alfalah Stable Return Fund Plan XXVI,103.0143,103.0143,103.0143,0.0000
2026-02-10,Alfalah Stock Fund - II,86.8476,89.8438,86.8476,0.0000
2026-02-10,Alfalah Strategic Allocation Fund Plan - I,134.6232,139.2677,134.6232,0.0000
2026-02-10,Alhamra Cash Management Optimizer,106.5550,107.7804,106.5550,0.0000
2026-02-10,Alhamra Daily Dividend Fund,100.0000,101.1500,100.0000,0.0000
2026-02-10,Alhamra Government Securities Plan I,106.1313,108.5723,106.1313,1.0000
2026-02-10,Alhamra Islamic Asset Allocation Fund,229.9448,237.8779,229.9448,0.0000
2026-02-10,Alhamra Islamic Income Fund,110.9832,112.8977,110.9832,0.0000
2026-02-10,Alhamra Islamic Money Market Fund,99.5100,100.6544,99.5100,0.0000
2026-02-10,Alhamra Islamic Pension Fund,2242.0500,2242.0500,2242.0500,0.0000
2026-02-10,Alhamra Islamic Pension Fund,460.9200,460.9200,460.9200,0.0000
2026-02-10,Alhamra Islamic Pension Fund,418.4300,418.4300,418.4300,0.0000
2026-02-10,Alhamra Islamic Punjab Pension Fund,100.6779,100.6779,100.6779,0.0000
2026-02-10,Alhamra Islamic Stock Fund,32.1900,33.3000,32.1900,0.0000
2026-02-10,Alhamra Opportunity Fund (Dividend Strategy Plan),223.0395,230.7344,223.0395,0.0000
2026-02-10,Alhamra Smart Portfolio,172.0623,177.9984,172.0623,0.0000
2026-02-10,Alhamra Wada Fund (Alhamra Wada Plan XVI),100.3427,100.3427,100.3427,0.0000
2026-02-10,Allied Finergy Fund,17.6667,18.2815,17.6667,0.0000
2026-02-10,Askari Cash Fund,109.4637,109.4637,109.4637,0.0000
2026-02-10,Askari High Yield Scheme,108.7412,111.1987,108.7412,0.0000
2026-02-10,Askari Sovereign Yield Enhancer,110.1779,111.7341,110.1779,0.0000
2026-02-10,Atlas Dividend Yield Fund,100.0000,100.0000,100.0000,0.0000
2026-02-10,Atlas Financial Sector Fund,100.0000,100.0000,100.0000,0.0000
2026-02-10,Atlas Income Fund,563.7527,563.7527,563.7527,0.0000
2026-02-10,Atlas Islamic Cash Fund,532.4736,532.4736,532.4736,0.0000
2026-02-10,Atlas Islamic Dedicated Stock Fund,1746.8829,1746.8829,1746.8829,0.0000
2026-02-10,Atlas Islamic Fund of Funds (Atlas Aggressive Allocation Islamic Plan),1507.6174,1507.6174,1507.6174,0.0000
2026-02-10,Atlas Islamic Fund of Funds (Atlas Conservative Allocation Islamic Plan),949.0028,949.0028,949.0028,0.0000
2026-02-10,Atlas Islamic Fund of Funds (Atlas Moderate Allocation Islamic Plan),1263.8737,1263.8737,1263.8737,0.0000
2026-02-10,Atlas Islamic Income Fund,545.8985,545.8985,545.8985,0.0000
2026-02-10,Atlas Islamic Money Market Fund,537.3873,537.3873,537.3873,0.0000
2026-02-10,Atlas Islamic Stock Fund,1702.4559,1702.4559,1702.4559,0.0000
2026-02-10,Atlas KPK Islamic Pension Fund,134.7700,134.7700,134.7700,0.0000
2026-02-10,Atlas Liquid Fund,533.5900,533.5900,533.5900,0.0000
2026-02-10,Atlas Money Market Fund,545.7803,545.7803,545.7803,0.0000
2026-02-10,Atlas Pension Fund,2585.7800,2585.7800,2585.7800,0.0000
2026-02-10,Atlas Pension Fund,593.7200,593.7200,593.7200,0.0000
2026-02-10,Atlas Pension Fund,640.9700,640.9700,640.9700,0.0000
2026-02-10,Atlas Pension Islamic Fund,495.8000,495.8000,495.8000,0.0000
2026-02-10,Atlas Pension Islamic Fund,468.0900,468.0900,468.0900,0.0000
2026-02-10,Atlas Pension Islamic Fund,2841.3300,2841.3300,2841.3300,0.0000
2026-02-10,Atlas Punjab Islamic Pension Fund,101.3328,101.3328,101.3328,0.0000
2026-02-10,Atlas Punjab Pension Fund,101.3771,101.3771,101.3771,0.0000
2026-02-10,Atlas Sovereign Fund,109.4675,109.4675,109.4675,0.0000
2026-02-10,Atlas Stock Market Fund,2278.2963,2278.2963,2278.2963,0.0000
2026-02-10,EFU Hemayah Pension Fund,97.6376,98.0000,98.0000,0.0000
2026-02-10,EFU Hemayah Pension Fund,100.6361,101.0000,101.0000,0.0000
2026-02-10,EFU Hemayah Pension Fund,100.9929,101.0000,101.0000,3.0000
2026-02-10,Faysal Halal Amdani Fund,107.6743,110.1508,107.6743,0.0000
2026-02-10,Faysal Halal Amdani Fund II,102.2723,104.6245,102.2723,0.0000
2026-02-10,Faysal Halal Amdani Fund III,101.3341,103.6648,101.3341,2.0000
2026-02-10,Faysal Islamic Asset Allocation Fund,96.1277,99.4441,96.1277,0.0000
2026-02-10,Faysal Islamic Asset Allocation Fund II,122.7933,127.0297,122.7933,0.0000
2026-02-10,Faysal Islamic Asset Allocation Fund III (Faysal Shariah Flex Plan I),104.2750,107.8725,104.2750,3.0000
2026-02-10,Faysal Islamic Asset Allocation Fund III (Faysal Shariah Flex Plan II),102.7676,106.3131,102.7676,0.0000
2026-02-10,Faysal Islamic Asset Allocation Fund III (Faysal Shariah Flex Plan III),100.5850,104.0552,100.5850,3.0000
2026-02-10,Faysal Islamic Cash Fund,105.8125,108.2462,105.8125,0.0000
2026-02-10,Faysal Islamic Dedicated Equity Fund,127.3045,131.6965,127.3045,0.0000
2026-02-10,Faysal Islamic Financial Growth Fund (Faysal Islamic Financial Growth Plan I),105.7872,108.2203,105.7872,0.0000
2026-02-10,Faysal Islamic Financial Growth Fund (Faysal Islamic Financial Growth Plan II),105.9547,109.6101,105.9547,0.0000
2026-02-10,Faysal Islamic Financial Growth Fund II,101.7837,105.2952,101.7837,3.0000
2026-02-10,Faysal Islamic Financial Planning Fund II (Faysal Priority Ascend Plan I),115.2099,119.1846,115.2099,0.0000
2026-02-10,Faysal Islamic Financial Planning Fund II (Faysal Priority Ascend Plan II),105.2525,108.8837,105.2525,3.0000
2026-02-10,Faysal Islamic Financial Planning Fund II (Faysal Priority Ascend Plan III),106.3851,110.0554,106.3851,0.0000
2026-02-10,Faysal Islamic KPK Government Pension Fund,130.6370,130.6370,130.6370,0.0000
2026-02-10,Faysal Islamic Mustakil Munafa Fund (Faysal Islamic Mehdood Muddat Plan I),123.2977,123.2977,123.2977,0.0000
2026-02-10,Faysal Islamic Mustakil Munafa Fund (Faysal Islamic Mehdood Muddat Plan VI),107.0166,107.0166,107.0166,0.0000
2026-02-10,Faysal Islamic Mustakil Munafa Fund (Faysal Islamic Mehdood Muddat Plan XV),101.7124,101.7124,101.7124,0.0000
2026-02-10,Faysal Islamic Pension Fund,177.8316,183.9667,177.8316,0.0000
2026-02-10,Faysal Islamic Pension Fund,182.3295,188.6199,182.3295,0.0000
2026-02-10,Faysal Islamic Pension Fund,374.2126,387.1230,374.2126,0.0000
2026-02-10,Faysal Islamic Punjab Pension Fund,101.6081,101.6081,101.6081,0.0000
2026-02-10,Faysal Islamic Savings Growth Fund,111.0848,113.6398,111.0848,0.0000
2026-02-10,Faysal Islamic Sovereign Fund (Faysal Islamic Sovereign Plan I),105.3858,107.8097,105.3858,0.0000
2026-02-10,Faysal Islamic Sovereign Fund (Faysal Islamic Sovereign Plan II),104.6078,107.0138,104.6078,0.0000
2026-02-10,Faysal Islamic Special Income Plan I,10.7184,10.9650,10.7184,0.0000
2026-02-10,Faysal Islamic Stock Fund,128.7707,133.2133,128.7707,0.0000
2026-02-10,Faysal Islamic Stock Fund II,138.8053,143.5941,138.8053,0.0000
2026-02-10,Faysal Khushal Mustaqbil Fund (Faysal Barak’ah Women Savers Plan),105.5787,109.2212,105.5787,3.0000
2026-02-10,Faysal Khushal Mustaqbil Fund (Faysal Nu’umah Women Savers Plan),105.5856,109.2283,105.5856,3.0000
2026-02-10,First Capital Mutual Fund,18.9456,19.3245,18.9456,2.0000
2026-02-10,Golden Arrow Stock Fund,39.2175,40.5705,39.2175,0.0000
2026-02-10,HBL Cash Fund,109.6524,110.9134,109.6524,0.0000
2026-02-10,HBL Energy Fund,36.5592,37.4001,36.5592,0.0000
2026-02-10,HBL Equity Fund,245.6636,251.3139,245.6636,0.0000
2026-02-10,HBL Financial Sector Income Fund Plan I,108.5646,111.0616,108.5646,0.0000
2026-02-10,HBL Financial Sector Income Fund Plan II,100.4229,102.7326,100.4229,0.0000
2026-02-10,HBL Government Securities Fund,122.5077,125.3254,122.5077,0.0000
2026-02-10,HBL Growth Fund-Class A,51.5792,0.0000,0.0000,0.0000
2026-02-10,HBL Growth Fund-Class B,44.5697,45.5948,44.5697,0.0000
2026-02-10,HBL Income Fund,120.9643,123.0509,120.9643,0.0000
2026-02-10,HBL Investment Fund-Class A,18.6749,19.1044,18.6749,0.0000
2026-02-10,HBL Investment Fund-Class B,20.7039,21.1801,20.7039,0.0000
2026-02-10,HBL Islamic Asset Allocation Fund,326.9132,334.4322,334.4322,0.0000
2026-02-10,HBL Islamic Equity Fund,213.8000,218.7174,213.8000,0.0000
2026-02-10,HBL Islamic Fixed Term Fund Plan II,101.7561,101.7561,101.7561,0.0000
2026-02-10,HBL Islamic Income Fund,110.6563,113.2014,110.6563,0.0000
2026-02-10,HBL Islamic Money Market Fund,107.6258,108.8635,107.6258,0.0000
2026-02-10,HBL Islamic Pension Fund,1241.0193,1241.0193,1241.0193,0.0000
2026-02-10,HBL Islamic Pension Fund,331.7054,331.7054,331.7054,0.0000
2026-02-10,HBL Islamic Pension Fund,313.0214,313.0214,313.0214,0.0000
2026-02-10,HBL Islamic Savings Plan I,106.5385,110.1863,106.5385,2.0000
2026-02-10,HBL Islamic Stock Fund,267.3530,273.5021,267.3530,0.0000
2026-02-10,HBL KPK Islamic Pension Fund,131.7729,131.7729,131.7729,0.0000
2026-02-10,HBL KPK Pension Fund,134.4654,134.4654,134.4654,0.0000
2026-02-10,HBL Mehfooz Munafa Fund Plan IV,104.2338,104.2338,104.2338,0.0000
2026-02-10,HBL Mehfooz Munafa Fund Plan X,105.4697,105.4697,105.4697,0.0000
2026-02-10,HBL Mehfooz Munafa Fund Plan XI,103.2075,103.2075,103.2075,0.0000
2026-02-10,HBL Money Market Fund,109.6664,110.9276,109.6664,0.0000
2026-02-10,HBL Multi Asset Fund,228.3783,233.6310,228.3783,0.0000
2026-02-10,HBL Pension Fund,1096.6809,1096.6809,1096.6809,0.0000
2026-02-10,HBL Pension Fund,431.7205,431.7205,431.7205,0.0000
2026-02-10,HBL Pension Fund,359.7067,359.7067,359.7067,0.0000
2026-02-10,HBL Stock Fund,236.1468,241.5782,236.1468,0.0000
2026-02-10,HBL Total Treasury Exchange Traded Fund,109.6237,109.6237,109.6237,0.0000
2026-02-10,JS Cash Fund,111.7326,113.0200,111.7326,1.0000
2026-02-10,JS Fixed Term Munafa Fund (JS Fixed Term Munafa Plan I),115.8649,115.8600,115.8649,0.0000
2026-02-10,JS Fixed Term Munafa Fund (JS Fixed Term Munafa Plan XIX),99.8638,99.8600,99.8638,0.0000
2026-02-10,JS Fixed Term Munafa Fund (JS Fixed Term Munafa Plan XV),107.4457,107.4500,107.4457,0.0000
2026-02-10,JS Fixed Term Munafa Fund (JS Fixed Term Munafa Plan XX),100.1535,100.1500,100.1535,0.0000
2026-02-10,JS Fixed Term Munafa Fund (JS Fixed Term Munafa Plan XXI),99.9105,99.9100,99.9105,0.0000
2026-02-10,JS Fixed Term Munafa Fund II (JS Fixed Term Munafa Plan I),107.6846,107.6800,107.6846,0.0000
2026-02-10,JS Fixed Term Munafa Fund II (JS Fixed Term Munafa Plan IV),104.6965,104.7000,104.6965,0.0000
2026-02-10,JS Fixed Term Munafa Fund II (JS Fixed Term Munafa Plan VI),103.3256,103.3300,103.3256,0.0000
2026-02-10,JS Fund of Funds,142.5000,147.4200,142.5000,0.0000
2026-02-10,JS Government Securities Fund,118.9284,120.3000,118.9300,0.0000
2026-02-10,JS Growth Fund,582.9100,603.0300,582.9100,0.0000
2026-02-10,JS Income Fund,123.0924,125.9300,123.0900,0.0000
2026-02-10,JS Islamic Fund,283.9100,293.7100,283.9100,0.0000
2026-02-10,JS Islamic Income Fund,112.4561,113.7600,112.4561,0.0000
2026-02-10,JS Islamic Money Market Fund,110.0281,111.3000,110.0281,0.0000
2026-02-10,JS Islamic Pension Savings Fund,2085.4033,2085.4033,2085.4033,0.0000
2026-02-10,JS Islamic Pension Savings Fund,438.0618,438.0618,438.0618,0.0000
2026-02-10,JS Islamic Pension Savings Fund,412.4682,412.4682,412.4682,0.0000
2026-02-10,JS Islamic Sarmaya Mehfooz Fund (JS Islamic Sarmaya Mehfooz Plan 1),104.2282,107.8300,104.2282,0.0000
2026-02-10,JS Islamic Sarmaya Mehfooz Fund Plan 2 2020,100.6319,104.1100,100.6319,0.0000
2026-02-10,JS KPK Islamic Pension Fund,134.9949,134.9900,134.9900,0.0000
2026-02-10,JS KPK Pension Fund,137.1420,137.1400,137.1400,0.0000
2026-02-10,JS Large Cap Fund,473.4400,489.7800,473.4400,0.0000
2026-02-10,JS Microfinance Sector Fund,115.7480,117.0900,115.7480,0.0000
2026-02-10,JS Momentum Factor Exchange Traded Fund,12.3657,12.3657,12.3657,0.0000
2026-02-10,JS Money Market Fund,117.8760,120.6000,117.8760,0.0000
2026-02-10,JS Pension Savings Fund,1942.2831,1942.2800,1942.2800,0.0000
2026-02-10,JS Pension Savings Fund,599.1804,599.1800,599.1800,0.0000
2026-02-10,JS Pension Savings Fund,481.9185,481.9200,481.9200,0.0000
2026-02-10,JS Punjab Islamic Pension Fund,101.0170,101.0200,101.0170,0.0000
2026-02-10,JS Punjab Pension Fund,101.0170,101.0200,101.0170,0.0000
2026-02-10,KSE Meezan Index Fund,193.9938,198.9406,193.9938,0.0000
2026-02-10,Lakson Asset Allocation Developed Markets Fund,195.4272,201.0555,195.4272,0.0000
2026-02-10,Lakson Equity Fund,357.2303,369.5548,357.2303,0.0000
2026-02-10,Lakson Income Fund,109.7363,111.6348,109.7363,0.0000
2026-02-10,Lakson Islamic Money Market Fund,107.3892,108.6242,107.3892,0.0000
2026-02-10,Lakson Islamic Tactical Fund,96.6342,99.4173,96.6342,0.0000
2026-02-10,Lakson Money Market Fund,109.1422,110.3974,109.1422,0.0000
2026-02-10,Lakson Tactical Fund,116.5990,119.9571,116.5990,0.0000
2026-02-10,Lucky Islamic Cash Fund,100.0000,103.0000,100.0000,0.0000
2026-02-10,Lucky Islamic Energy Fund,102.4985,106.0348,102.4985,3.0000
2026-02-10,Lucky Islamic Fixed Term Fund Plan VII,101.7879,101.7879,101.7879,0.0000
2026-02-10,Lucky Islamic Fixed Term Fund Plan XII,100.1347,100.1347,100.1347,0.0000
2026-02-10,Lucky Islamic Income Fund,106.5718,110.2486,106.5718,3.0000
2026-02-10,Lucky Islamic Money Market Fund,106.3658,110.0355,106.3658,0.0000
2026-02-10,Lucky Islamic Pension Fund,102.4467,105.9811,102.4467,0.0000
2026-02-10,Lucky Islamic Pension Fund,102.4864,106.0222,102.4864,3.0000
2026-02-10,Lucky Islamic Pension Fund,111.2512,115.0893,111.2512,3.0000
2026-02-10,Lucky Islamic Pension Fund,114.2777,118.2202,114.2777,3.0000
2026-02-10,Lucky Islamic Punjab Pension Fund,101.1549,101.1549,101.1549,0.0000
2026-02-10,Lucky Islamic Stock Fund,143.1500,148.0800,143.1500,3.0000
2026-02-10,MCB Alhamra KPK Govt Employees Pension Fund,134.2603,134.2603,134.2603,0.0000
2026-02-10,MCB Cash Management Optimizer,108.5883,108.5883,108.5883,0.0000
2026-02-10,MCB DCF Fixed Return III (Plan IV),107.2625,107.2625,107.2625,0.0000
2026-02-10,MCB DCF Income Fund,116.1181,118.1211,116.1181,0.0000
2026-02-10,MCB Government Securities Plan I,106.8462,109.3037,106.8462,0.0000
2026-02-10,MCB Investment Savings Plan I,107.8272,109.0672,107.8272,0.0000
2026-02-10,MCB KPK Govt Employees Pension Fund,136.1044,136.1044,136.1044,0.0000
2026-02-10,MCB Pakistan Asset Allocation Fund,265.0134,274.1564,265.0134,0.0000
2026-02-10,MCB Pakistan Fixed Return Plan 25,104.0541,104.0541,104.0541,0.0000
2026-02-10,MCB Pakistan Opportunity Fund (MCB Pakistan Dividend Yield Plan),391.5350,405.0430,391.5350,0.0000
2026-02-10,MCB Pakistan Sovereign Fund,58.5500,59.5600,58.5500,0.0000
2026-02-10,MCB Pakistan Stock Market Fund,397.4740,411.1869,397.4740,0.0000
2026-02-10,MCB Punjab Pension Fund,101.8699,101.8699,101.8699,0.0000
2026-02-10,Mahaana IGI Islamic Retirement Fund,13.3718,13.3718,13.3718,3.0000
2026-02-10,Mahaana IGI Islamic Retirement Fund,10.7219,10.7219,10.7219,3.0000
2026-02-10,Mahaana IGI Islamic Retirement Fund,10.8531,10.8531,10.8531,3.0000
2026-02-10,Mahaana Islamic Cash Fund,113.3195,113.3195,113.3195,0.0000
2026-02-10,Mahaana Islamic Index Exchange Traded Fund,18.1400,18.1400,18.1400,0.0000
2026-02-10,Meezan Asset Allocation Fund,120.3265,124.4777,120.3265,0.2000
2026-02-10,Meezan Balanced Fund,28.3582,29.0104,28.3582,0.0000
2026-02-10,Meezan Cash Fund,54.4065,54.4065,54.4065,0.0000
2026-02-10,Meezan Daily Income Fund (MDIP I),50.0000,50.5750,50.0000,0.0000
2026-02-10,Meezan Daily Income Fund (Meezan Mahana Munafa Plan),50.0000,50.0000,50.0000,0.0000
2026-02-10,Meezan Daily Income Fund (Meezan Munafa Plan I),53.4152,54.0294,53.4152,0.0000
2026-02-10,Meezan Daily Income Fund (Meezan Sehl Account Plan) (MSHP),53.0187,53.0187,53.0187,0.0000
2026-02-10,Meezan Daily Income Fund (Meezan Super Saver Plan) (MSSP),53.1965,53.1965,53.1965,0.0000
2026-02-10,Meezan Dedicated Equity Fund,98.0581,101.4411,98.0581,0.0000
2026-02-10,Meezan Dynamic Asset Allocation Fund (Meezan Dividend Yield Plan),92.1928,94.3132,92.1928,2.0000
2026-02-10,Meezan Energy Fund,64.8871,67.1257,64.8871,0.0000
2026-02-10,Meezan Financial Planning Fund of Funds (Aggressive),185.8355,190.1097,185.8355,0.0000
2026-02-10,Meezan Financial Planning Fund of Funds (Conservative),122.4312,123.8391,122.4312,0.0000
2026-02-10,Meezan Financial Planning Fund of Funds (MAAP I),146.9104,0.0000,146.9104,0.0000
2026-02-10,Meezan Financial Planning Fund of Funds (Moderate),147.6323,150.1789,147.6323,0.0000
2026-02-10,Meezan Financial Planning Fund of Funds (Very Conservative Allocation Plan),53.6964,54.3139,53.6964,0.0000
2026-02-10,Meezan GOKP Pension Fund,138.4232,0.0000,0.0000,0.0000
2026-02-10,Meezan Gold Fund,326.7940,337.5782,323.5261,0.0000
2026-02-10,Meezan Islamic Asaan Cash Fund,50.1801,50.1801,50.1801,0.0000
2026-02-10,Meezan Islamic Fund,172.2242,176.1853,172.2242,0.0000
2026-02-10,Meezan Islamic Government of Punjab Pension Fund,102.1911,0.0000,0.0000,0.0000
2026-02-10,Meezan Islamic Income Fund,54.6343,55.2625,54.6343,0.0000
2026-02-10,Meezan Paidaar Munafa Plan 36,50.3385,0.0000,50.3385,0.0000
2026-02-10,Meezan Paidaar Munafa Plan 37,50.0681,0.0000,50.0681,0.0000
2026-02-10,Meezan Pakistan ETF,21.8743,21.8743,21.8743,0.0000
2026-02-10,Meezan Rozana Amdani Fund,50.0000,50.0000,50.0000,0.0000
2026-02-10,Meezan Sovereign Fund,55.0241,55.6568,55.0241,0.0000
2026-02-10,Meezan Strategic Allocation Fund (MSAP I),97.2410,0.0000,97.2410,0.0000
2026-02-10,Meezan Strategic Allocation Fund (MSAP II),83.3403,0.0000,83.3403,0.0000
2026-02-10,Meezan Strategic Allocation Fund (MSAP III),92.4206,0.0000,92.4206,0.0000
2026-02-10,Meezan Strategic Allocation Fund (MSAP IV),96.9486,0.0000,96.9486,0.0000
2026-02-10,Meezan Strategic Allocation Fund (MSAP V),109.2387,0.0000,109.2387,0.0000
2026-02-10,Meezan Tahaffuz Pension Fund,1862.3305,0.0000,0.0000,0.0000
2026-02-10,Meezan Tahaffuz Pension Fund,509.7475,0.0000,0.0000,0.0000
2026-02-10,Meezan Tahaffuz Pension Fund,507.2722,0.0000,0.0000,0.0000
2026-02-10,Meezan Tahaffuz Pension Fund,605.9746,0.0000,0.0000,0.0000
2026-02-10,NAFA Islamic Pension Fund,288.7021,288.7021,288.7021,0.0000
2026-02-10,NAFA Islamic Pension Fund,1303.8128,1303.8128,1303.8128,0.0000
2026-02-10,NAFA Islamic Pension Fund,294.5016,294.5016,294.5016,0.0000
2026-02-10,NAFA Pension Fund,389.5628,389.5628,389.5628,0.0000
2026-02-10,NAFA Pension Fund,1499.6097,1499.6097,1499.6097,0.0000
2026-02-10,NAFA Pension Fund,330.8330,330.8330,330.8330,0.0000
2026-02-10,NBP Balanced Fund,44.9207,46.4705,44.9207,0.0000
2026-02-10,NBP Cash Plan I,10.6883,11.0570,10.6883,0.0000
2026-02-10,NBP Cash Plan II,10.0000,10.3450,10.0000,0.0000
2026-02-10,NBP Financial Sector Fund,27.0778,28.0120,27.0778,0.0000
2026-02-10,NBP Financial Sector Income Fund,11.3698,11.5006,11.3698,0.0000
2026-02-10,NBP Fixed Term Munafa Plan XIIA (NBP Mustahkam Fund II),10.1661,10.1661,10.1661,0.0000
2026-02-10,NBP Fixed Term Munafa Plan XIII (NBP Mustahkam Fund II),10.3751,10.3751,10.3751,0.0000
2026-02-10,NBP Fixed Term Munafa Plan XIX,10.6597,10.6597,10.6597,0.0000
2026-02-10,NBP Fixed Term Munafa Plan XIXA (NBP Mustahkam Fund II),10.0000,10.0000,10.0000,0.0000
2026-02-10,NBP GoKP Islamic Pension Fund,134.9317,134.9317,134.9317,0.0000
2026-02-10,NBP GoKP Pension Fund,136.8871,136.8871,136.8871,0.0000
2026-02-10,NBP Government Securities Liquid Fund,10.9252,11.0508,10.9252,0.0000
2026-02-10,NBP Government Securities Plan IV,10.7340,11.1043,10.7340,0.0000
2026-02-10,NBP Government Securities Plan VIII,10.5225,10.8855,10.5225,3.0000
2026-02-10,NBP Government Securities Savings Fund,11.2397,11.3690,11.2397,0.0000
2026-02-10,NBP Income Opportunity Fund,11.9371,12.0744,11.9371,0.0000
2026-02-10,NBP Income Plan I,10.1503,10.5005,10.1503,0.0000
2026-02-10,NBP Islamic Daily Dividend Fund,10.0000,10.1150,10.0000,0.0000
2026-02-10,NBP Islamic Energy Fund,24.1434,24.9763,24.1434,0.0000
2026-02-10,NBP Islamic Fixed Term Munafa Plan IIA (NBP Islamic Mustahkam Fund),10.0309,10.0309,10.0309,0.0000
2026-02-10,NBP Islamic Fixed Term Munafa Plan IVA (NBP Islamic Mustahkam Fund),10.0000,10.0000,10.0000,0.0000
2026-02-10,NBP Islamic Government Securities Plan III,10.5662,10.9307,10.5662,0.0000
2026-02-10,NBP Islamic Income Fund,10.6693,10.7920,10.6693,0.0000
2026-02-10,NBP Islamic Mahana Amdani Fund,10.6985,10.8215,10.6985,0.0000
2026-02-10,NBP Islamic Money Market Fund,10.7890,10.9131,10.7890,0.0000
2026-02-10,NBP Islamic Principal Protection Fund I (NBP Islamic Principal Protection Plan I),10.4583,10.4583,10.4583,0.0000
2026-02-10,NBP Islamic Principal Protection Fund I (NBP Islamic Principal Protection Plan II),10.2163,10.5688,10.2163,0.0000
2026-02-10,NBP Islamic Principal Protection Fund I (NBP Islamic Principal Protection Plan III),9.9437,10.2868,9.9437,3.0000
2026-02-10,NBP Islamic Punjab Pension Fund,100.5040,100.5040,100.5040,0.0000
2026-02-10,NBP Islamic Sarmaya Izafa Fund,38.1922,39.5098,38.1922,0.0000
2026-02-10,NBP Islamic Savings Fund,10.1439,10.4939,10.1439,0.0000
2026-02-10,NBP Islamic Stock Fund,26.7632,27.6865,26.7632,0.0000
2026-02-10,NBP Mahana Amdani Fund,10.9724,11.0986,10.9724,0.0000
2026-02-10,NBP Money Market Fund,10.6523,10.7748,10.6523,0.0000
2026-02-10,NBP Pakistan Growth Exchange Traded Fund,32.7711,32.7711,32.7711,0.0000
2026-02-10,NBP Punjab Pension Fund,100.5040,100.5040,100.5040,0.0000
2026-02-10,NBP Riba Free Savings Fund,10.9678,11.0939,10.9678,0.0000
2026-02-10,NBP Sarmaya Izafa Fund,43.1621,44.6512,43.1621,0.0000
2026-02-10,NBP Savings Fund,10.8120,11.1850,10.8120,0.0000
2026-02-10,NBP Stock Fund,47.3216,48.9542,47.3216,0.0000
2026-02-10,NIT - Government Bond Fund,10.6789,10.7857,10.6789,0.0000
2026-02-10,NIT - Income Fund,10.9605,11.0701,10.9605,0.0000
2026-02-10,NIT Asset Allocation Fund,21.0883,21.6155,21.0883,0.0000
2026-02-10,NIT Islamic Equity Fund,20.4700,20.4700,20.4700,0.0000
2026-02-10,NIT Islamic Income Fund,10.2677,10.2677,10.2677,0.0000
2026-02-10,NIT Islamic Money Market Fund,107.5120,108.5871,107.5120,0.0000
2026-02-10,NIT Islamic Pension Fund,25.3024,25.3024,25.3024,0.0000
2026-02-10,NIT Islamic Pension Fund,33.1343,33.1343,33.1343,0.0000
2026-02-10,NIT Islamic Pension Fund,25.1011,25.1011,25.1011,0.0000
2026-02-10,NIT KP Islamic Pension Fund,130.6301,130.6301,130.6301,0.0000
2026-02-10,NIT KP Pension Fund,134.4709,134.4709,134.4709,0.0000
2026-02-10,NIT Money Market Fund,10.3854,10.3854,10.3854,0.0000
2026-02-10,NIT Pakistan Gateway Exchange Traded Fund,38.8418,38.8418,38.8418,0.0000
2026-02-10,NIT Pension Fund,29.1935,29.1935,29.1935,0.0000
2026-02-10,NIT Pension Fund,35.2153,35.2153,35.2153,0.0000
2026-02-10,NIT Pension Fund,28.3222,28.3222,28.3222,0.0000
2026-02-10,NIT Pension Fund,56.4510,56.4510,56.4510,0.0000
2026-02-10,NIT Social Impact Fund,10.9516,10.9516,10.9516,0.0000
2026-02-10,National Investment Unit Trust,170.8600,176.0000,170.8600,0.0000
2026-02-10,Pak Oman Advantage Asset Allocation Fund,50.2314,51.6504,50.2314,0.0000
2026-02-10,Pak Oman Advantage Islamic Income Fund,55.5328,56.1603,55.5328,0.0000
2026-02-10,Pak Oman Daily Dividend Fund,10.0000,10.0565,10.0000,0.0000
2026-02-10,Pak Oman Income Fund,11.4318,11.4318,11.4318,0.0000
2026-02-10,Pak Oman Islamic Asset Allocation Fund,48.4130,49.7806,48.4130,0.0000
2026-02-10,Pak Oman Micro Finance Fund,107.2370,107.2370,107.2370,0.0000
2026-02-10,Pak Qatar Asan Munafa Plan,113.7373,117.6612,113.7373,0.0000
2026-02-10,Pak Qatar Asset Allocation Plan I (PQAAP IA),127.0463,131.4294,127.0463,0.0000
2026-02-10,Pak Qatar Asset Allocation Plan II (PQAAP IIA),124.7264,129.0295,124.7264,0.0000
2026-02-10,Pak Qatar Cash Plan,120.1187,124.2628,120.1187,0.0000
2026-02-10,Pak Qatar Daily Dividend Plan,100.0000,103.4500,100.0000,0.0000
2026-02-10,Pak Qatar GoKP Islamic Pension Fund,100.4973,103.9645,100.4973,0.0000
2026-02-10,Pak Qatar GoPB Islamic Pension Fund,100.8327,104.3115,100.8327,0.0000
2026-02-10,Pak Qatar Income Plan,124.3152,128.6041,124.3152,0.0000
2026-02-10,Pak Qatar Islamic Pension Fund,321.9441,333.0511,321.9441,0.0000
2026-02-10,Pak Qatar Islamic Pension Fund,160.5910,166.1314,160.5910,0.0000
2026-02-10,Pak Qatar Islamic Pension Fund,163.4462,169.0851,163.4462,0.0000
2026-02-10,Pak Qatar Islamic Stock Fund,280.2225,289.8902,280.2225,0.0000
2026-02-10,Pak Qatar Khalis Bachat Plan,121.1861,125.3670,121.1861,0.0000
2026-02-10,Pak Qatar Monthly Income Plan,100.3409,103.8026,100.3409,0.0000
2026-02-10,Pak-Qatar Asset Allocation Plan III (PQAAP IIIA),180.0213,186.2321,180.0213,0.0000
2026-02-10,Pakistan Capital Market Fund,33.2500,34.0100,33.2500,0.0000
2026-02-10,Pakistan Cash Management Fund,50.4678,51.0482,50.4678,0.0000
2026-02-10,Pakistan Income Enhancement Fund,63.2757,64.7310,63.2757,0.0000
2026-02-10,Pakistan Income Fund,62.3474,63.7814,62.3474,0.0000
2026-02-10,Pakistan Pension Fund,2618.1300,2618.1300,2618.1300,0.0000
2026-02-10,Pakistan Pension Fund,638.2600,638.2600,638.2600,0.0000
2026-02-10,Pakistan Pension Fund,539.9200,539.9200,539.9200,0.0000
2026-02-10,UBL Asset Allocation Fund,354.1428,366.3607,354.1428,3.0000
2026-02-10,UBL Cash Fund,106.3612,106.3612,106.3612,0.0000
2026-02-10,UBL Financial Sector Fund,372.1420,384.9809,372.1420,3.0000
2026-02-10,UBL Fixed Return Plan II (AB),106.4972,106.4972,106.4972,0.0000
2026-02-10,UBL Fixed Return Plan II (M),107.8299,107.8299,107.8299,0.0000
2026-02-10,UBL Fixed Return Plan III (X),106.8133,106.8133,106.8133,0.0000
2026-02-10,UBL Fixed Return Plan III (Y),102.6106,102.6106,102.6106,0.0000
2026-02-10,UBL Fixed Return Plan III (Z),105.7428,105.7428,105.7428,0.0000
2026-02-10,UBL Fixed Return Plan IV (G),106.1093,106.1093,106.1093,0.0000
2026-02-10,UBL Fixed Return Plan IV (M),107.3335,107.3335,107.3335,0.0000
2026-02-10,UBL Fixed Return Plan IV (O),106.2522,106.2522,106.2522,0.0000
2026-02-10,UBL Government Securities Fund,114.4913,115.8079,114.4913,1.0000
2026-02-10,UBL Growth & Income Fund,91.4013,92.9780,91.4013,1.5000
2026-02-10,UBL Income Opportunity Fund,115.6793,117.6748,115.6793,1.5000
2026-02-10,UBL Liquidity Fund,104.4085,104.4085,104.4085,0.0000
2026-02-10,UBL Liquidity Plus Fund,107.7149,107.7149,107.7149,0.0000
2026-02-10,UBL Money Market Fund,107.3570,108.5916,107.3570,1.0000
2026-02-10,UBL Pakistan Enterprise Exchange Traded Fund,41.9297,41.9297,41.9297,0.0000
2026-02-10,UBL Punjab Pension Fund,101.2100,101.2100,101.2100,0.0000
2026-02-10,UBL Retirement Saving Fund,3687.3494,3687.3494,3687.3494,3.0000
2026-02-10,UBL Retirement Saving Fund,416.8935,416.8935,416.8935,3.0000
2026-02-10,UBL Retirement Saving Fund,547.2697,547.2697,547.2697,3.0000
2026-02-10,UBL Retirement Saving Fund,489.7600,489.7600,489.7600,3.0000
2026-02-10,UBL Special Savings Plan V,107.7436,108.9827,105.3086,0.0000
2026-02-10,UBL Special Savings Plan X,108.6913,110.3217,108.6913,1.5000
2026-02-10,UBL Stock Advantage Fund,287.8200,296.0900,287.8200,3.0000
2026-02-10,UBL Voluntary Pension Fund KPK,137.6603,137.6603,137.6603,0.0000
2026-02-10,Unit Trust of Pakistan,460.3800,476.2700,460.3800,0.0000
2026-02-11,786 Islamic Money Market Fund,106.2004,107.2624,106.2004,0.0000
2026-02-11,786 Smart Fund,88.9967,89.8867,88.9967,0.0000
2026-02-11,ABL Cash Fund,10.8913,10.9861,10.8913,1.0000
2026-02-11,ABL Financial Planning Fund (Conservative Plan),120.3717,123.1643,120.3717,0.0000
2026-02-11,ABL Financial Planning Fund (Strategic Allocation Plan),106.6798,0.0000,106.6798,0.0000
2026-02-11,ABL Financial Sector Fund Plan I,10.6533,10.9005,10.6533,0.0000
2026-02-11,ABL Fixed Rate Plan XIX,10.6633,0.0000,10.6633,0.0000
2026-02-11,ABL Fixed Rate Plan XXII,10.2273,0.0000,10.2273,0.0000
2026-02-11,ABL Fixed Rate Plan XXIII,10.2038,0.0000,10.2038,0.0000
2026-02-11,ABL Fixed Rate Plan XXIV,10.0054,0.0000,10.0054,0.0000
2026-02-11,ABL GOKP Islamic Pension Fund,120.4702,0.0000,120.4702,0.0000
2026-02-11,ABL GOKP Pension Fund,127.1221,0.0000,127.1221,0.0000
2026-02-11,ABL GOPB Islamic Pension Fund,101.2747,0.0000,101.2747,0.0000
2026-02-11,ABL GOPB Pension Fund,102.0554,0.0000,102.0554,0.0000
2026-02-11,ABL Government Securities Fund,10.8051,10.9931,10.8051,0.0000
2026-02-11,ABL Income Fund,10.8436,11.0323,10.8436,0.0000
2026-02-11,ABL Islamic Asset Allocation Fund,10.1735,10.5275,10.1735,0.0000
2026-02-11,ABL Islamic Cash Fund,10.0480,10.1646,10.0480,1.0000
2026-02-11,ABL Islamic Dedicated Stock Fund,19.2738,19.2738,19.2738,0.0000
2026-02-11,ABL Islamic Financial Planning Fund (Active Allocation Plan),108.3883,110.9029,108.3883,0.0000
2026-02-11,ABL Islamic Financial Planning Fund (Capital Preservation Plan I),114.1974,0.0000,114.1974,0.0000
2026-02-11,ABL Islamic Financial Planning Fund (Conservative Allocation Plan),122.4871,125.3288,122.4871,0.0000
2026-02-11,ABL Islamic Income Fund,10.8682,11.0573,10.8682,0.0000
2026-02-11,ABL Islamic Money Market Plan I,10.6358,10.8826,10.6358,0.0000
2026-02-11,ABL Islamic Pension Fund,223.0168,230.7778,223.0168,0.0000
2026-02-11,ABL Islamic Pension Fund,632.5115,654.5229,632.5115,0.0000
2026-02-11,ABL Islamic Pension Fund,226.0437,233.9100,226.0437,0.0000
2026-02-11,ABL Islamic Sovereign Plan I,10.6101,10.9793,10.6101,0.0000
2026-02-11,ABL Islamic Stock Fund,35.2896,36.1083,35.2896,0.0000
2026-02-11,ABL Money Market Plan I,10.6146,10.8609,10.6146,0.0000
2026-02-11,ABL Optimal Asset Allocation Fund,10.7950,11.1707,10.7950,3.0000
2026-02-11,ABL Pension Fund,363.7761,376.4355,363.7761,0.0000
2026-02-11,ABL Pension Fund,688.4439,712.4017,688.4439,0.0000
2026-02-11,ABL Pension Fund,277.4829,287.1393,277.4829,0.0000
2026-02-11,ABL Special Saving Fund (ABL Special Saving Plan I),10.7506,10.8753,10.7506,0.0000
2026-02-11,ABL Special Saving Fund (ABL Special Saving Plan II),11.2154,11.4756,11.2154,0.0000
2026-02-11,ABL Special Saving Fund (ABL Special Saving Plan III),10.8314,11.0827,10.8314,0.0000
2026-02-11,ABL Special Saving Fund (ABL Special Saving Plan IV),10.8463,10.9721,10.8463,0.0000
2026-02-11,ABL Special Saving Fund (ABL Special Saving Plan V),10.7452,10.8698,10.7452,0.0000
2026-02-11,ABL Special Saving Fund (ABL Special Saving Plan VI),10.7046,10.8288,10.7046,0.0000
2026-02-11,ABL Stock Fund,40.9264,41.8759,40.9264,0.0000
2026-02-11,AKD Aggressive Income Fund,59.5831,60.2683,59.5831,0.0000
2026-02-11,AKD Cash Fund,55.2408,55.2408,55.2408,0.0000
2026-02-11,AKD Index Tracker Fund,44.2860,44.7953,44.2860,0.0000
2026-02-11,AKD Islamic Cash Fund,52.2541,52.2541,52.2541,0.0000
2026-02-11,AKD Islamic Income Fund,54.8244,55.4548,54.8244,0.0000
2026-02-11,AKD Islamic Stock Fund,118.6948,122.7897,118.6948,0.0000
2026-02-11,AKD Opportunity Fund,232.7612,240.7914,232.7612,0.0000
2026-02-11,AL Habib Asset Allocation Fund,138.5427,141.3136,138.5427,0.0000
2026-02-11,AL Habib Cash Fund,107.9945,111.2343,107.9945,0.0000
2026-02-11,AL Habib Fixed Return Fund Plan 19,107.9880,107.9880,107.9880,0.0000
2026-02-11,AL Habib Fixed Return Fund Plan 22,106.6302,106.6302,106.6302,0.0000
2026-02-11,AL Habib Fixed Return Fund Plan 23,105.1583,105.1583,105.1583,0.0000
2026-02-11,AL Habib Fixed Return Fund Plan 24,105.1295,105.1295,105.1295,0.0000
2026-02-11,AL Habib GOKP Islamic Pension Fund,131.7398,131.7398,131.7398,0.0000
2026-02-11,AL Habib GOKP Pension Fund,135.0257,135.0257,135.0257,0.0000
2026-02-11,AL Habib Government Securities Fund,106.8229,110.0276,106.8229,0.0000
2026-02-11,AL Habib Income Fund,108.7361,111.9982,108.7361,0.0000
2026-02-11,AL Habib Islamic Cash Fund,106.3838,109.5753,106.3838,0.0000
2026-02-11,AL Habib Islamic Income Fund,108.1989,111.4449,108.1989,0.0000
2026-02-11,AL Habib Islamic Pension Fund,505.7272,520.8990,505.7272,0.0000
2026-02-11,AL Habib Islamic Pension Fund,166.7139,171.7153,166.7139,0.0000
2026-02-11,AL Habib Islamic Pension Fund,163.2683,168.1663,163.2683,0.0000
2026-02-11,AL Habib Islamic Savings Fund,106.6786,109.8790,106.6786,0.0000
2026-02-11,AL Habib Islamic Stock Fund,194.3401,198.2269,194.3401,0.0000
2026-02-11,AL Habib Money Market Fund,106.7660,109.9690,106.7660,0.0000
2026-02-11,AL Habib Pension Fund,577.5268,594.8526,577.5268,0.0000
2026-02-11,AL Habib Pension Fund,180.6954,186.1163,180.6954,0.0000
2026-02-11,AL Habib Pension Fund,175.9630,181.2419,175.9630,0.0000
2026-02-11,AL Habib Sovereign Income Fund Plan 1,106.6522,106.6522,106.6522,0.0000
2026-02-11,AL Habib Sovereign Income Fund Plan 2,106.7083,106.7083,106.7083,0.0000
2026-02-11,AL Habib Sovereign Income Fund Plan 3,106.7161,106.7161,106.7161,0.0000
2026-02-11,AL Habib Stock Fund,192.4616,196.3108,192.4616,0.0000
2026-02-11,AWT Financial Sector Income Fund,104.8359,104.8359,104.8359,0.0000
2026-02-11,AWT Income Fund,117.1013,118.4480,117.1013,0.0000
2026-02-11,AWT Islamic Asset Allocation Fund,191.9053,196.3191,191.9053,0.0000
2026-02-11,AWT Islamic Income Fund,112.2179,114.7989,112.2179,0.0000
2026-02-11,AWT Islamic Money Market Fund,125.3287,125.3287,125.3287,0.5000
2026-02-11,AWT Islamic Pension Fund,137.8826,137.8826,137.8826,0.0000
2026-02-11,AWT Islamic Pension Fund,110.5789,110.5789,110.5789,0.0000
2026-02-11,AWT Islamic Pension Fund,108.8809,108.8809,108.8809,0.0000
2026-02-11,AWT Islamic Stock Fund,201.9277,206.5720,201.9277,0.0000
2026-02-11,Al Ameen Islamic Aggressive Income Fund,107.5488,108.7856,107.5488,1.0000
2026-02-11,Al Ameen Islamic Aggressive Income Plan I,118.5224,118.8572,118.5224,0.2500
2026-02-11,Al Ameen Islamic Asset Allocation Fund,225.4342,233.2117,225.4342,3.0000
2026-02-11,Al Ameen Islamic Cash Fund,107.4481,107.4481,107.4481,0.0000
2026-02-11,Al Ameen Islamic Cash Plan I,106.8039,106.8039,106.8039,0.0000
2026-02-11,Al Ameen Islamic Energy Fund,365.6454,378.2602,365.6454,3.0000
2026-02-11,Al Ameen Islamic Income Fund,105.6286,107.4507,105.6286,1.5000
2026-02-11,Al Ameen Islamic Punjab Pension Fund,100.7705,100.7705,100.7705,0.0000
2026-02-11,Al Ameen Islamic Retirement Savings Fund,366.8412,366.8412,366.8412,3.0000
2026-02-11,Al Ameen Islamic Retirement Savings Fund,3075.7519,3075.7519,3075.7519,3.0000
2026-02-11,Al Ameen Islamic Retirement Savings Fund,355.2969,355.2969,355.2969,3.0000
2026-02-11,Al Ameen Islamic Sovereign Fund,108.5595,109.8079,108.5595,1.0000
2026-02-11,Al Ameen Shariah Stock Fund,536.7200,552.1500,536.7200,2.5000
2026-02-11,Al Ameen Voluntary Pension Fund KPK,130.0318,130.0318,130.0318,0.0000
2026-02-11,Al Meezan Mutual Fund,52.1809,53.3810,52.1809,0.0000
2026-02-11,Alfalah Asset Allocation Fund,82.7796,85.6355,82.7796,0.0000
2026-02-11,Alfalah Cash Fund - II,108.8565,111.3602,108.8565,0.0000
2026-02-11,Alfalah Consumer Index Exchange Traded Fund,19.4600,19.4600,19.4585,0.0000
2026-02-11,Alfalah Financial Sector Income Fund,106.7714,109.2271,106.7714,0.0000
2026-02-11,Alfalah Financial Sector Opportunity Fund,124.1344,126.9895,124.1344,0.0000
2026-02-11,Alfalah Financial Value Fund (Alfalah Financial Value Plan I),147.3715,152.4558,147.3715,0.0000
2026-02-11,Alfalah Financial Value Fund - II,116.5684,120.5900,116.5684,3.0000
2026-02-11,Alfalah GHP Alpha Fund,125.7100,130.0470,125.7054,0.0000
2026-02-11,Alfalah GHP Cash Fund,534.0660,546.3495,534.0660,0.0000
2026-02-11,Alfalah GHP Dedicated Equity Fund,225.4027,230.5870,225.4027,0.0000
2026-02-11,Alfalah GHP Income Fund,121.6920,124.4909,121.6920,2.0000
2026-02-11,Alfalah GHP Income Multiplier Fund,61.8548,63.9888,61.8548,6.0000
2026-02-11,Alfalah GHP Islamic Dedicated Equity Fund,124.9274,127.0824,124.9274,0.0000
2026-02-11,Alfalah GHP Islamic Income Fund,109.3696,111.8851,109.3696,0.0000
2026-02-11,Alfalah GHP Islamic Pension Fund,211.8941,219.2044,211.8941,0.0000
2026-02-11,Alfalah GHP Islamic Pension Fund,339.7865,351.5091,339.7865,0.0000
2026-02-11,Alfalah GHP Islamic Pension Fund,216.8906,224.3733,216.8906,0.0000
2026-02-11,Alfalah GHP Islamic Prosperity Planning Fund (Alfalah GHP Islamic Active Allocation Plan II),106.2364,109.2907,106.2364,0.0000
2026-02-11,Alfalah GHP Islamic Prosperity Planning Fund (Alfalah GHP Islamic Balance Allocation Plan),110.5922,112.1820,110.5922,0.0000
2026-02-11,Alfalah GHP Islamic Prosperity Planning Fund (Alfalah GHP Islamic Moderate Allocation Plan),118.7131,0.0000,118.7131,0.0000
2026-02-11,Alfalah GHP Islamic Stock Fund,76.3876,79.0230,76.3876,0.0000
2026-02-11,Alfalah GHP Islamic Value Fund,137.0318,140.1835,137.0318,0.0000
2026-02-11,Alfalah GHP Money Market Fund,105.1509,107.5694,105.1509,1.0000
2026-02-11,Alfalah GHP Pension Fund,366.0775,378.7072,366.0775,0.0000
2026-02-11,Alfalah GHP Pension Fund,247.5377,256.0778,247.5377,0.0000
2026-02-11,Alfalah GHP Pension Fund,246.1729,254.6659,246.1729,0.0000
2026-02-11,Alfalah GHP Prosperity Planning Fund (Alfalah GHP Active Allocation Plan),130.1385,133.1317,130.1385,0.0000
2026-02-11,Alfalah GHP Prosperity Planning Fund (Alfalah GHP Conservative Allocation Plan),122.4358,123.8438,122.4358,0.0000
2026-02-11,Alfalah GHP Prosperity Planning Fund (Alfalah GHP Moderate Allocation Plan),116.7136,118.7269,116.7136,0.0000
2026-02-11,Alfalah GHP Prosperity Planning Fund (Capital Preservation Plan IV),118.3569,0.0000,118.3569,0.0000
2026-02-11,Alfalah GHP Sovereign Fund,114.7239,117.3625,114.7239,0.0000
2026-02-11,Alfalah GHP Stock Fund,215.3981,221.5908,215.3981,0.0000
2026-02-11,Alfalah GHP Value Fund,96.6003,99.9330,96.6003,0.0000
2026-02-11,Alfalah Government Securities Fund - II,134.2318,137.3191,134.2318,0.0000
2026-02-11,Alfalah Government Securities Fund Plan I,107.3574,111.0612,107.3574,0.0000
2026-02-11,Alfalah Government Securities Fund Plan II,105.7736,109.4228,105.7736,0.0000
2026-02-11,Alfalah Income & Growth Fund,123.6015,126.4443,123.6015,0.0000
2026-02-11,Alfalah Islamic KPK Employee Pension Fund,130.0346,130.0346,130.0346,0.0000
2026-02-11,Alfalah Islamic Money Market Fund,106.5549,109.0057,106.5549,0.0000
2026-02-11,Alfalah Islamic Rozana Amdani Fund,100.0738,102.3755,100.0738,0.0000
2026-02-11,Alfalah Islamic Sovereign Fund (Alfalah Islamic Sovereign Plan I),100.2671,103.7263,100.2671,0.0000
2026-02-11,Alfalah Islamic Sovereign Fund (Alfalah Islamic Sovereign Plan II),116.6900,120.7158,116.6900,0.0000
2026-02-11,Alfalah Islamic Sovereign Fund (Alfalah Islamic Sovereign Plan III),106.8059,110.4907,106.8059,0.0000
2026-02-11,Alfalah Islamic Stable Return Fund Plan X,101.7999,101.7999,101.7999,0.0000
2026-02-11,Alfalah Islamic Stable Return Fund Plan XII,100.2470,100.2470,100.2470,0.0000
2026-02-11,Alfalah KPK Employee Pension Fund,134.4571,134.4571,134.4571,0.0000
2026-02-11,Alfalah KTrade Islamic Plan VII,130.2839,134.7787,130.2839,0.0000
2026-02-11,Alfalah MTS Fund,110.9403,113.4919,110.9403,0.0000
2026-02-11,Alfalah Money Market Fund - II,109.7523,112.2766,109.7523,0.0000
2026-02-11,Alfalah Pension Fund - II,127.2188,131.6078,127.2188,0.0000
2026-02-11,Alfalah Pension Fund - II,0.0000,0.0000,0.0000,0.0000
2026-02-11,Alfalah Pension Fund - II,197.5682,204.3843,197.5682,0.0000
2026-02-11,Alfalah Savings Growth Fund,112.0731,114.6508,112.0731,0.0000
2026-02-11,Alfalah Special Savings Fund - I,144.4623,147.7849,144.4623,0.0000
2026-02-11,Alfalah Special Savings Fund - II,113.4100,116.0184,113.4100,0.0000
2026-02-11,Alfalah Stable Return Fund Plan XX,106.1733,106.1733,106.1733,0.0000
2026-02-11,Alfalah Stable Return Fund Plan XXI,106.4977,106.4977,106.4977,0.0000
2026-02-11,Alfalah Stable Return Fund Plan XXII,104.6200,104.6200,104.6200,0.0000
2026-02-11,Alfalah Stable Return Fund Plan XXIII,103.8080,103.8080,103.8080,0.0000
2026-02-11,Alfalah Stable Return Fund Plan XXIV,103.3956,103.3956,103.3956,0.0000
2026-02-11,Alfalah Stable Return Fund Plan XXVI,103.0052,103.0052,103.0052,0.0000
2026-02-11,Alfalah Stock Fund - II,86.9023,89.9004,86.9023,0.0000
2026-02-11,Alfalah Strategic Allocation Fund Plan - I,134.4413,139.0795,134.4413,0.0000
2026-02-11,Alhamra Cash Management Optimizer,106.5815,107.8072,106.5815,0.0000
2026-02-11,Alhamra Daily Dividend Fund,100.0000,101.1500,100.0000,0.0000
2026-02-11,Alhamra Government Securities Plan I,106.1379,108.5791,106.1379,1.0000
2026-02-11,Alhamra Islamic Asset Allocation Fund,231.2913,239.2708,231.2913,0.0000
2026-02-11,Alhamra Islamic Income Fund,111.0263,112.9415,111.0263,0.0000
2026-02-11,Alhamra Islamic Money Market Fund,99.5100,100.6544,99.5100,0.0000
2026-02-11,Alhamra Islamic Pension Fund,2257.6300,2257.6300,2257.6300,0.0000
2026-02-11,Alhamra Islamic Pension Fund,460.9500,460.9500,460.9500,0.0000
2026-02-11,Alhamra Islamic Pension Fund,418.5100,418.5100,418.5100,0.0000
2026-02-11,Alhamra Islamic Punjab Pension Fund,100.7003,100.7003,100.7003,0.0000
2026-02-11,Alhamra Islamic Stock Fund,32.4400,33.5600,32.4400,0.0000
2026-02-11,Alhamra Opportunity Fund (Dividend Strategy Plan),225.4652,233.2437,225.4652,0.0000
2026-02-11,Alhamra Smart Portfolio,172.4283,178.3771,172.4283,0.0000
2026-02-11,Alhamra Wada Fund (Alhamra Wada Plan XVI),100.3700,100.3700,100.3700,0.0000
2026-02-11,Allied Finergy Fund,17.7052,18.3213,17.7052,0.0000
2026-02-11,Askari Cash Fund,109.4892,109.4892,109.4892,0.0000
2026-02-11,Askari High Yield Scheme,108.7563,111.2141,108.7563,0.0000
2026-02-11,Askari Sovereign Yield Enhancer,110.2021,111.7587,110.2021,0.0000
2026-02-11,Atlas Dividend Yield Fund,99.7780,99.7780,99.7780,0.0000
2026-02-11,Atlas Financial Sector Fund,100.5397,100.5397,100.5397,0.0000
2026-02-11,Atlas Income Fund,563.8105,563.8105,563.8105,0.0000
2026-02-11,Atlas Islamic Cash Fund,532.5861,532.5861,532.5861,0.0000
2026-02-11,Atlas Islamic Dedicated Stock Fund,1757.9191,1757.9191,1757.9191,0.0000
2026-02-11,Atlas Islamic Fund of Funds (Atlas Aggressive Allocation Islamic Plan),1514.7822,1514.7822,1514.7822,0.0000
2026-02-11,Atlas Islamic Fund of Funds (Atlas Conservative Allocation Islamic Plan),951.2491,951.2491,951.2491,0.0000
2026-02-11,Atlas Islamic Fund of Funds (Atlas Moderate Allocation Islamic Plan),1268.6448,1268.6448,1268.6448,0.0000
2026-02-11,Atlas Islamic Income Fund,546.0504,546.0504,546.0504,0.0000
2026-02-11,Atlas Islamic Money Market Fund,537.5365,537.5365,537.5365,0.0000
2026-02-11,Atlas Islamic Stock Fund,1713.1440,1713.1440,1713.1440,0.0000
2026-02-11,Atlas KPK Islamic Pension Fund,134.8100,134.8100,134.8100,0.0000
2026-02-11,Atlas Liquid Fund,533.7218,533.7218,533.7218,0.0000
2026-02-11,Atlas Money Market Fund,545.9046,545.9046,545.9046,0.0000
2026-02-11,Atlas Pension Fund,2598.5700,2598.5700,2598.5700,0.0000
2026-02-11,Atlas Pension Fund,593.8600,593.8600,593.8600,0.0000
2026-02-11,Atlas Pension Fund,641.0200,641.0200,641.0200,0.0000
2026-02-11,Atlas Pension Islamic Fund,495.9300,495.9300,495.9300,0.0000
2026-02-11,Atlas Pension Islamic Fund,468.2300,468.2300,468.2300,0.0000
2026-02-11,Atlas Pension Islamic Fund,2859.0800,2859.0800,2859.0800,0.0000
2026-02-11,Atlas Punjab Islamic Pension Fund,101.3322,101.3322,101.3322,0.0000
2026-02-11,Atlas Punjab Pension Fund,101.3765,101.3765,101.3765,0.0000
2026-02-11,Atlas Sovereign Fund,109.4663,109.4663,109.4663,0.0000
2026-02-11,Atlas Stock Market Fund,2289.5460,2289.5460,2289.5460,0.0000
2026-02-11,EFU Hemayah Pension Fund,98.0928,98.0000,98.0000,0.0000
2026-02-11,EFU Hemayah Pension Fund,100.6627,101.0000,101.0000,0.0000
2026-02-11,EFU Hemayah Pension Fund,101.0080,101.0000,101.0000,3.0000
2026-02-11,Faysal Halal Amdani Fund,107.7005,110.1776,107.7005,0.0000
2026-02-11,Faysal Halal Amdani Fund II,102.2993,104.6522,102.2993,0.0000
2026-02-11,Faysal Halal Amdani Fund III,101.3618,103.6931,101.3618,2.0000
2026-02-11,Faysal Islamic Asset Allocation Fund,96.1491,99.4663,96.1491,0.0000
2026-02-11,Faysal Islamic Asset Allocation Fund II,122.6922,126.9251,122.6922,0.0000
2026-02-11,Faysal Islamic Asset Allocation Fund III (Faysal Shariah Flex Plan I),104.3900,107.9915,104.3900,3.0000
2026-02-11,Faysal Islamic Asset Allocation Fund III (Faysal Shariah Flex Plan II),102.8252,106.3727,102.8252,0.0000
2026-02-11,Faysal Islamic Asset Allocation Fund III (Faysal Shariah Flex Plan III),100.6306,104.1023,100.6306,3.0000
2026-02-11,Faysal Islamic Cash Fund,105.8383,108.2726,105.8383,0.0000
2026-02-11,Faysal Islamic Dedicated Equity Fund,128.2979,132.7241,128.2979,0.0000
2026-02-11,Faysal Islamic Financial Growth Fund (Faysal Islamic Financial Growth Plan I),105.8108,108.2444,105.8108,0.0000
2026-02-11,Faysal Islamic Financial Growth Fund (Faysal Islamic Financial Growth Plan II),105.9793,109.6356,105.9793,0.0000
2026-02-11,Faysal Islamic Financial Growth Fund II,101.8121,105.3247,101.8121,3.0000
2026-02-11,Faysal Islamic Financial Planning Fund II (Faysal Priority Ascend Plan I),115.3936,119.3747,115.3936,0.0000
2026-02-11,Faysal Islamic Financial Planning Fund II (Faysal Priority Ascend Plan II),105.2976,108.9303,105.2976,3.0000
2026-02-11,Faysal Islamic Financial Planning Fund II (Faysal Priority Ascend Plan III),106.4102,110.0813,106.4102,0.0000
2026-02-11,Faysal Islamic KPK Government Pension Fund,130.6691,130.6691,130.6691,0.0000
2026-02-11,Faysal Islamic Mustakil Munafa Fund (Faysal Islamic Mehdood Muddat Plan I),123.3434,123.3434,123.3434,0.0000
2026-02-11,Faysal Islamic Mustakil Munafa Fund (Faysal Islamic Mehdood Muddat Plan VI),107.0467,107.0467,107.0467,0.0000
2026-02-11,Faysal Islamic Mustakil Munafa Fund (Faysal Islamic Mehdood Muddat Plan XV),101.7411,101.7411,101.7411,0.0000
2026-02-11,Faysal Islamic Pension Fund,177.8645,184.0008,177.8645,0.0000
2026-02-11,Faysal Islamic Pension Fund,182.3680,188.6597,182.3680,0.0000
2026-02-11,Faysal Islamic Pension Fund,376.6401,389.6342,376.6401,0.0000
2026-02-11,Faysal Islamic Punjab Pension Fund,101.6370,101.6370,101.6370,0.0000
2026-02-11,Faysal Islamic Savings Growth Fund,111.1059,113.6613,111.1059,0.0000
2026-02-11,Faysal Islamic Sovereign Fund (Faysal Islamic Sovereign Plan I),105.4008,107.8250,105.4008,0.0000
2026-02-11,Faysal Islamic Sovereign Fund (Faysal Islamic Sovereign Plan II),104.6209,107.0272,104.6209,0.0000
2026-02-11,Faysal Islamic Special Income Plan I,10.7261,10.9728,10.7261,0.0000
2026-02-11,Faysal Islamic Stock Fund,129.6765,134.1503,129.6765,0.0000
2026-02-11,Faysal Islamic Stock Fund II,140.1289,144.9634,140.1289,0.0000
2026-02-11,Faysal Khushal Mustaqbil Fund (Faysal Barak’ah Women Savers Plan),105.5992,109.2424,105.5992,3.0000
2026-02-11,Faysal Khushal Mustaqbil Fund (Faysal Nu’umah Women Savers Plan),105.6066,109.2500,105.6066,3.0000
2026-02-11,First Capital Mutual Fund,18.9995,19.3795,18.9995,2.0000
2026-02-11,Golden Arrow Stock Fund,39.2260,40.5793,39.2260,0.0000
2026-02-11,HBL Cash Fund,109.6787,110.9400,109.6787,0.0000
2026-02-11,HBL Energy Fund,36.4443,37.2825,36.4443,0.0000
2026-02-11,HBL Equity Fund,246.4798,252.1488,246.4798,0.0000
2026-02-11,HBL Financial Sector Income Fund Plan I,108.5834,111.0808,108.5834,0.0000
2026-02-11,HBL Financial Sector Income Fund Plan II,100.4510,102.7614,100.4510,0.0000
2026-02-11,HBL Government Securities Fund,122.4879,125.3051,122.4879,0.0000
2026-02-11,HBL Growth Fund-Class A,51.5119,0.0000,0.0000,0.0000
2026-02-11,HBL Growth Fund-Class B,44.6566,45.6837,44.6566,0.0000
2026-02-11,HBL Income Fund,120.9552,123.0417,120.9552,0.0000
2026-02-11,HBL Investment Fund-Class A,18.6509,19.0799,18.6509,0.0000
2026-02-11,HBL Investment Fund-Class B,20.7421,21.2192,20.7421,0.0000
2026-02-11,HBL Islamic Asset Allocation Fund,326.8940,334.4126,334.4126,0.0000
2026-02-11,HBL Islamic Equity Fund,214.9479,219.8917,214.9479,0.0000
2026-02-11,HBL Islamic Fixed Term Fund Plan II,101.7849,101.7849,101.7849,0.0000
2026-02-11,HBL Islamic Income Fund,110.6786,113.2242,110.6786,0.0000
2026-02-11,HBL Islamic Money Market Fund,107.6530,108.8910,107.6530,0.0000
2026-02-11,HBL Islamic Pension Fund,1241.6912,1241.6912,1241.6912,0.0000
2026-02-11,HBL Islamic Pension Fund,331.7054,331.7054,331.7054,0.0000
2026-02-11,HBL Islamic Pension Fund,313.0935,313.0935,313.0935,0.0000
2026-02-11,HBL Islamic Savings Plan I,106.5645,110.2123,106.5645,2.0000
2026-02-11,HBL Islamic Stock Fund,267.6178,273.7730,267.6178,0.0000
2026-02-11,HBL KPK Islamic Pension Fund,131.8343,131.8343,131.8343,0.0000
2026-02-11,HBL KPK Pension Fund,134.4985,134.4985,134.4985,0.0000
2026-02-11,HBL Mehfooz Munafa Fund Plan IV,104.2626,104.2626,104.2626,0.0000
2026-02-11,HBL Mehfooz Munafa Fund Plan X,105.4956,105.4956,105.4956,0.0000
2026-02-11,HBL Mehfooz Munafa Fund Plan XI,103.2369,103.2369,103.2369,0.0000
2026-02-11,HBL Money Market Fund,109.6915,110.9530,109.6915,0.0000
2026-02-11,HBL Multi Asset Fund,228.7136,233.9740,228.7136,0.0000
2026-02-11,HBL Pension Fund,1099.1324,1099.1324,1099.1324,0.0000
2026-02-11,HBL Pension Fund,431.6823,431.6823,431.6823,0.0000
2026-02-11,HBL Pension Fund,359.7804,359.7804,359.7804,0.0000
2026-02-11,HBL Stock Fund,236.9055,242.3543,236.9055,0.0000
2026-02-11,HBL Total Treasury Exchange Traded Fund,109.6432,109.6432,109.6432,0.0000
2026-02-11,JS Cash Fund,111.7559,113.0500,111.7559,1.0000
2026-02-11,JS Fixed Term Munafa Fund (JS Fixed Term Munafa Plan I),115.7143,115.7100,115.7143,0.0000
2026-02-11,JS Fixed Term Munafa Fund (JS Fixed Term Munafa Plan XIX),99.8236,99.8200,99.8236,0.0000
2026-02-11,JS Fixed Term Munafa Fund (JS Fixed Term Munafa Plan XV),107.4682,107.4700,107.4682,0.0000
2026-02-11,JS Fixed Term Munafa Fund (JS Fixed Term Munafa Plan XX),100.1391,100.1400,100.1391,0.0000
2026-02-11,JS Fixed Term Munafa Fund (JS Fixed Term Munafa Plan XXI),99.8076,99.8100,99.8076,0.0000
2026-02-11,JS Fixed Term Munafa Fund II (JS Fixed Term Munafa Plan I),107.6907,107.6900,107.6907,0.0000
2026-02-11,JS Fixed Term Munafa Fund II (JS Fixed Term Munafa Plan IV),104.5791,104.5800,104.5791,0.0000
2026-02-11,JS Fixed Term Munafa Fund II (JS Fixed Term Munafa Plan VI),103.2496,103.2500,103.2496,0.0000
2026-02-11,JS Fund of Funds,142.5300,147.4500,142.5300,0.0000
2026-02-11,JS Government Securities Fund,118.8879,120.2600,118.8900,0.0000
2026-02-11,JS Growth Fund,585.0500,605.2400,585.0500,0.0000
2026-02-11,JS Income Fund,123.0572,125.9000,123.0600,0.0000
2026-02-11,JS Islamic Fund,285.6300,295.4900,285.6300,0.0000
2026-02-11,JS Islamic Income Fund,112.4022,113.7000,112.4022,0.0000
2026-02-11,JS Islamic Money Market Fund,110.0563,111.3300,110.0563,0.0000
2026-02-11,JS Islamic Pension Savings Fund,2098.8255,2098.8255,2098.8255,0.0000
2026-02-11,JS Islamic Pension Savings Fund,438.1731,438.1731,438.1731,0.0000
2026-02-11,JS Islamic Pension Savings Fund,412.5632,412.5632,412.5632,0.0000
2026-02-11,JS Islamic Sarmaya Mehfooz Fund (JS Islamic Sarmaya Mehfooz Plan 1),104.4166,108.0300,104.4166,0.0000
2026-02-11,JS Islamic Sarmaya Mehfooz Fund Plan 2 2020,100.7854,104.2700,100.7854,0.0000
2026-02-11,JS KPK Islamic Pension Fund,135.0248,135.0200,135.0200,0.0000
2026-02-11,JS KPK Pension Fund,137.1667,137.1700,137.1700,0.0000
2026-02-11,JS Large Cap Fund,474.6800,491.0600,474.6800,0.0000
2026-02-11,JS Microfinance Sector Fund,115.7821,117.1200,115.7821,0.0000
2026-02-11,JS Momentum Factor Exchange Traded Fund,12.1782,12.1782,12.1782,0.0000
2026-02-11,JS Money Market Fund,117.9084,120.6300,117.9084,0.0000
2026-02-11,JS Pension Savings Fund,1948.2017,1948.2000,1948.2000,0.0000
2026-02-11,JS Pension Savings Fund,598.9491,598.9500,598.9500,0.0000
2026-02-11,JS Pension Savings Fund,482.0200,482.0200,482.0200,0.0000
2026-02-11,JS Punjab Islamic Pension Fund,101.0469,101.0500,101.0469,0.0000
2026-02-11,JS Punjab Pension Fund,101.0469,101.0500,101.0469,0.0000
2026-02-11,KSE Meezan Index Fund,195.2913,200.2712,195.2913,0.0000
2026-02-11,Lakson Asset Allocation Developed Markets Fund,195.8755,201.5168,195.8755,0.0000
2026-02-11,Lakson Equity Fund,356.5606,368.8620,356.5606,0.0000
2026-02-11,Lakson Income Fund,109.7179,111.6161,109.7179,0.0000
2026-02-11,Lakson Islamic Money Market Fund,107.4178,108.6532,107.4178,0.0000
2026-02-11,Lakson Islamic Tactical Fund,96.6525,99.4361,96.6525,0.0000
2026-02-11,Lakson Money Market Fund,109.1700,110.4255,109.1700,0.0000
2026-02-11,Lakson Tactical Fund,116.7761,120.1393,116.7761,0.0000
2026-02-11,Lucky Islamic Cash Fund,100.0000,103.0000,100.0000,0.0000
2026-02-11,Lucky Islamic Energy Fund,102.2868,105.8157,102.2868,3.0000
2026-02-11,Lucky Islamic Fixed Term Fund Plan VII,101.8170,101.8170,101.8170,0.0000
2026-02-11,Lucky Islamic Fixed Term Fund Plan XII,100.1620,100.1620,100.1620,0.0000
2026-02-11,Lucky Islamic Income Fund,106.6006,110.2783,106.6006,3.0000
2026-02-11,Lucky Islamic Money Market Fund,106.3950,110.0657,106.3950,0.0000
2026-02-11,Lucky Islamic Pension Fund,102.4721,106.0074,102.4721,0.0000
2026-02-11,Lucky Islamic Pension Fund,102.5134,106.0501,102.5134,3.0000
2026-02-11,Lucky Islamic Pension Fund,111.6114,115.4619,111.6114,3.0000
2026-02-11,Lucky Islamic Pension Fund,116.1049,120.1105,116.1049,3.0000
2026-02-11,Lucky Islamic Punjab Pension Fund,101.1799,101.1799,101.1799,0.0000
2026-02-11,Lucky Islamic Stock Fund,143.7800,148.7400,143.7800,3.0000
2026-02-11,MCB Alhamra KPK Govt Employees Pension Fund,134.2931,134.2931,134.2931,0.0000
2026-02-11,MCB Cash Management Optimizer,108.6150,108.6150,108.6150,0.0000
2026-02-11,MCB DCF Fixed Return III (Plan IV),107.2645,107.2645,107.2645,0.0000
2026-02-11,MCB DCF Income Fund,116.1245,118.1276,116.1245,0.0000
2026-02-11,MCB Government Securities Plan I,106.8534,109.3110,106.8534,0.0000
2026-02-11,MCB Investment Savings Plan I,107.8577,109.0981,107.8577,0.0000
2026-02-11,MCB KPK Govt Employees Pension Fund,136.1277,136.1277,136.1277,0.0000
2026-02-11,MCB Pakistan Asset Allocation Fund,265.4894,274.6488,265.4894,0.0000
2026-02-11,MCB Pakistan Fixed Return Plan 25,104.0702,104.0702,104.0702,0.0000
2026-02-11,MCB Pakistan Opportunity Fund (MCB Pakistan Dividend Yield Plan),392.3959,405.9336,392.3959,0.0000
2026-02-11,MCB Pakistan Sovereign Fund,58.5400,59.5500,58.5400,0.0000
2026-02-11,MCB Pakistan Stock Market Fund,398.8574,412.6180,398.8574,0.0000
2026-02-11,MCB Punjab Pension Fund,101.8884,101.8884,101.8884,0.0000
2026-02-11,Mahaana IGI Islamic Retirement Fund,13.4818,13.4818,13.4818,3.0000
2026-02-11,Mahaana IGI Islamic Retirement Fund,10.7273,10.7273,10.7273,3.0000
2026-02-11,Mahaana IGI Islamic Retirement Fund,10.8584,10.8584,10.8584,3.0000
2026-02-11,Mahaana Islamic Cash Fund,113.3455,113.3455,113.3455,0.0000
2026-02-11,Mahaana Islamic Index Exchange Traded Fund,18.2700,18.2700,18.2700,0.0000
2026-02-11,Meezan Asset Allocation Fund,120.8206,124.9889,120.8206,0.2000
2026-02-11,Meezan Balanced Fund,29.0844,29.0844,29.0844,0.0000
2026-02-11,Meezan Cash Fund,54.4202,54.4202,54.4202,0.0000
2026-02-11,Meezan Daily Income Fund (MDIP I),50.0000,50.5750,50.0000,0.0000
2026-02-11,Meezan Daily Income Fund (Meezan Mahana Munafa Plan),50.0000,50.0000,50.0000,0.0000
2026-02-11,Meezan Daily Income Fund (Meezan Munafa Plan I),53.4285,54.0429,53.4285,0.0000
2026-02-11,Meezan Daily Income Fund (Meezan Sehl Account Plan) (MSHP),53.0296,53.0296,53.0296,0.0000
2026-02-11,Meezan Daily Income Fund (Meezan Super Saver Plan) (MSSP),53.2085,53.2085,53.2085,0.0000
2026-02-11,Meezan Dedicated Equity Fund,98.4766,101.8740,98.4766,0.0000
2026-02-11,Meezan Dynamic Asset Allocation Fund (Meezan Dividend Yield Plan),92.8264,94.9614,92.8264,2.0000
2026-02-11,Meezan Energy Fund,64.7615,66.9957,64.7615,0.0000
2026-02-11,Meezan Financial Planning Fund of Funds (Aggressive),186.4006,190.6878,186.4006,0.0000
2026-02-11,Meezan Financial Planning Fund of Funds (Conservative),122.5741,123.9837,122.5741,0.0000
2026-02-11,Meezan Financial Planning Fund of Funds (MAAP I),147.4480,0.0000,147.4480,0.0000
2026-02-11,Meezan Financial Planning Fund of Funds (Moderate),147.9738,150.5263,147.9738,0.0000
2026-02-11,Meezan Financial Planning Fund of Funds (Very Conservative Allocation Plan),53.7113,54.3289,53.7113,0.0000
2026-02-11,Meezan GOKP Pension Fund,138.4790,0.0000,0.0000,0.0000
2026-02-11,Meezan Gold Fund,321.6146,332.2278,318.3985,0.0000
2026-02-11,Meezan Islamic Asaan Cash Fund,50.1918,50.1918,50.1918,0.0000
2026-02-11,Meezan Islamic Fund,173.0154,176.9947,173.0154,0.0000
2026-02-11,Meezan Islamic Government of Punjab Pension Fund,102.2177,0.0000,0.0000,0.0000
2026-02-11,Meezan Islamic Income Fund,54.6470,55.2754,54.6470,0.0000
2026-02-11,Meezan Paidaar Munafa Plan 36,50.3515,0.0000,50.3515,0.0000
2026-02-11,Meezan Paidaar Munafa Plan 37,50.0818,0.0000,50.0818,0.0000
2026-02-11,Meezan Pakistan ETF,22.1079,22.1079,22.1079,0.0000
2026-02-11,Meezan Rozana Amdani Fund,50.0000,50.0000,50.0000,0.0000
2026-02-11,Meezan Sovereign Fund,55.0378,55.6707,55.0378,0.0000
2026-02-11,Meezan Strategic Allocation Fund (MSAP I),97.5710,0.0000,97.5710,0.0000
2026-02-11,Meezan Strategic Allocation Fund (MSAP II),83.6435,0.0000,83.6435,0.0000
2026-02-11,Meezan Strategic Allocation Fund (MSAP III),92.7540,0.0000,92.7540,0.0000
2026-02-11,Meezan Strategic Allocation Fund (MSAP IV),97.2962,0.0000,97.2962,0.0000
2026-02-11,Meezan Strategic Allocation Fund (MSAP V),109.6286,0.0000,109.6286,0.0000
2026-02-11,Meezan Tahaffuz Pension Fund,1871.2757,0.0000,0.0000,0.0000
2026-02-11,Meezan Tahaffuz Pension Fund,509.8755,0.0000,0.0000,0.0000
2026-02-11,Meezan Tahaffuz Pension Fund,507.4011,0.0000,0.0000,0.0000
2026-02-11,Meezan Tahaffuz Pension Fund,596.4134,0.0000,0.0000,0.0000
2026-02-11,NAFA Islamic Pension Fund,288.7667,288.7667,288.7667,0.0000
2026-02-11,NAFA Islamic Pension Fund,1306.7996,1306.7996,1306.7996,0.0000
2026-02-11,NAFA Islamic Pension Fund,294.5746,294.5746,294.5746,0.0000
2026-02-11,NAFA Pension Fund,389.5397,389.5397,389.5397,0.0000
2026-02-11,NAFA Pension Fund,1505.2127,1505.2127,1505.2127,0.0000
2026-02-11,NAFA Pension Fund,330.9006,330.9006,330.9006,0.0000
2026-02-11,NBP Balanced Fund,45.0069,46.5596,45.0069,0.0000
2026-02-11,NBP Cash Plan I,10.6907,11.0595,10.6907,0.0000
2026-02-11,NBP Cash Plan II,10.0000,10.3450,10.0000,0.0000
2026-02-11,NBP Financial Sector Fund,27.3591,28.3030,27.3591,0.0000
2026-02-11,NBP Financial Sector Income Fund,11.3724,11.5032,11.3724,0.0000
2026-02-11,NBP Fixed Term Munafa Plan XIIA (NBP Mustahkam Fund II),10.1661,10.1661,10.1661,0.0000
2026-02-11,NBP Fixed Term Munafa Plan XIII (NBP Mustahkam Fund II),10.3751,10.3751,10.3751,0.0000
2026-02-11,NBP Fixed Term Munafa Plan XIX,10.6597,10.6597,10.6597,0.0000
2026-02-11,NBP Fixed Term Munafa Plan XIXA (NBP Mustahkam Fund II),10.0000,10.0000,10.0000,0.0000
2026-02-11,NBP GoKP Islamic Pension Fund,134.9678,134.9678,134.9678,0.0000
2026-02-11,NBP GoKP Pension Fund,136.9176,136.9176,136.9176,0.0000
2026-02-11,NBP Government Securities Liquid Fund,10.9275,11.0532,10.9275,0.0000
2026-02-11,NBP Government Securities Plan IV,10.7334,11.1037,10.7334,0.0000
2026-02-11,NBP Government Securities Plan VIII,10.5220,10.8850,10.5220,3.0000
2026-02-11,NBP Government Securities Savings Fund,11.2379,11.3671,11.2379,0.0000
2026-02-11,NBP Income Opportunity Fund,11.9393,12.0766,11.9393,0.0000
2026-02-11,NBP Income Plan I,10.1525,10.5028,10.1525,0.0000
2026-02-11,NBP Islamic Daily Dividend Fund,10.0000,10.1150,10.0000,0.0000
2026-02-11,NBP Islamic Energy Fund,24.0960,24.9273,24.0960,0.0000
2026-02-11,NBP Islamic Fixed Term Munafa Plan IIA (NBP Islamic Mustahkam Fund),10.0309,10.0309,10.0309,0.0000
2026-02-11,NBP Islamic Fixed Term Munafa Plan IVA (NBP Islamic Mustahkam Fund),10.0000,10.0000,10.0000,0.0000
2026-02-11,NBP Islamic Government Securities Plan III,10.5680,10.9326,10.5680,0.0000
2026-02-11,NBP Islamic Income Fund,10.6718,10.7945,10.6718,0.0000
2026-02-11,NBP Islamic Mahana Amdani Fund,10.7011,10.8242,10.7011,0.0000
2026-02-11,NBP Islamic Money Market Fund,10.7919,10.9160,10.7919,0.0000
2026-02-11,NBP Islamic Principal Protection Fund I (NBP Islamic Principal Protection Plan I),10.4655,10.4655,10.4655,0.0000
2026-02-11,NBP Islamic Principal Protection Fund I (NBP Islamic Principal Protection Plan II),10.2219,10.5746,10.2219,0.0000
2026-02-11,NBP Islamic Principal Protection Fund I (NBP Islamic Principal Protection Plan III),9.9534,10.2968,9.9534,3.0000
2026-02-11,NBP Islamic Punjab Pension Fund,100.5227,100.5227,100.5227,0.0000
2026-02-11,NBP Islamic Sarmaya Izafa Fund,38.2281,39.5470,38.2281,0.0000
2026-02-11,NBP Islamic Savings Fund,10.1463,10.4963,10.1463,0.0000
2026-02-11,NBP Islamic Stock Fund,26.8114,27.7364,26.8114,0.0000
2026-02-11,NBP Mahana Amdani Fund,10.9753,11.1015,10.9753,0.0000
2026-02-11,NBP Money Market Fund,10.6547,10.7772,10.6547,0.0000
2026-02-11,NBP Pakistan Growth Exchange Traded Fund,32.8164,32.8164,32.8164,0.0000
2026-02-11,NBP Punjab Pension Fund,100.5227,100.5227,100.5227,0.0000
2026-02-11,NBP Riba Free Savings Fund,10.9705,11.0967,10.9705,0.0000
2026-02-11,NBP Sarmaya Izafa Fund,43.3159,44.8103,43.3159,0.0000
2026-02-11,NBP Savings Fund,10.8146,11.1877,10.8146,0.0000
2026-02-11,NBP Stock Fund,47.4774,49.1154,47.4774,0.0000
2026-02-11,NIT - Government Bond Fund,10.6760,10.7828,10.6760,0.0000
2026-02-11,NIT - Income Fund,10.9624,11.0720,10.9624,0.0000
2026-02-11,NIT Asset Allocation Fund,21.1588,21.6878,21.1588,0.0000
2026-02-11,NIT Islamic Equity Fund,20.6000,20.6000,20.6000,0.0000
2026-02-11,NIT Islamic Income Fund,10.2700,10.2700,10.2700,0.0000
2026-02-11,NIT Islamic Money Market Fund,107.5402,108.6156,107.5402,0.0000
2026-02-11,NIT Islamic Pension Fund,25.3088,25.3088,25.3088,0.0000
2026-02-11,NIT Islamic Pension Fund,33.3126,33.3126,33.3126,0.0000
2026-02-11,NIT Islamic Pension Fund,25.1074,25.1074,25.1074,0.0000
2026-02-11,NIT KP Islamic Pension Fund,130.6621,130.6621,130.6621,0.0000
2026-02-11,NIT KP Pension Fund,134.5033,134.5033,134.5033,0.0000
2026-02-11,NIT Money Market Fund,10.3881,10.3881,10.3881,0.0000
2026-02-11,NIT Pakistan Gateway Exchange Traded Fund,38.9542,38.9542,38.9542,0.0000
2026-02-11,NIT Pension Fund,29.1885,29.1885,29.1885,0.0000
2026-02-11,NIT Pension Fund,35.3761,35.3761,35.3761,0.0000
2026-02-11,NIT Pension Fund,28.3291,28.3291,28.3291,0.0000
2026-02-11,NIT Pension Fund,56.9968,56.9968,56.9968,0.0000
2026-02-11,NIT Social Impact Fund,10.9548,10.9548,10.9548,0.0000
2026-02-11,National Investment Unit Trust,171.1900,176.3500,171.1900,0.0000
2026-02-11,Pak Oman Advantage Asset Allocation Fund,50.7140,52.1466,50.7140,0.0000
2026-02-11,Pak Oman Advantage Islamic Income Fund,55.5391,56.1666,55.5391,0.0000
2026-02-11,Pak Oman Daily Dividend Fund,10.0000,10.0565,10.0000,0.0000
2026-02-11,Pak Oman Income Fund,11.4341,11.4341,11.4341,0.0000
2026-02-11,Pak Oman Islamic Asset Allocation Fund,48.9087,50.2903,48.9087,0.0000
2026-02-11,Pak Oman Micro Finance Fund,107.2681,107.2681,107.2681,0.0000
2026-02-11,Pak Qatar Asan Munafa Plan,113.7605,117.6852,113.7605,0.0000
2026-02-11,Pak Qatar Asset Allocation Plan I (PQAAP IA),127.0821,131.4665,127.0821,0.0000
2026-02-11,Pak Qatar Asset Allocation Plan II (PQAAP IIA),124.7670,129.0715,124.7670,0.0000
2026-02-11,Pak Qatar Cash Plan,120.1512,124.2964,120.1512,0.0000
2026-02-11,Pak Qatar Daily Dividend Plan,100.0000,103.4500,100.0000,0.0000
2026-02-11,Pak Qatar GoKP Islamic Pension Fund,100.5053,103.9728,100.5053,0.0000
2026-02-11,Pak Qatar GoPB Islamic Pension Fund,100.8579,104.3375,100.8579,0.0000
2026-02-11,Pak Qatar Income Plan,124.3482,128.6382,124.3482,0.0000
2026-02-11,Pak Qatar Islamic Pension Fund,324.2655,335.4527,324.2655,0.0000
2026-02-11,Pak Qatar Islamic Pension Fund,160.7248,166.2698,160.7248,0.0000
2026-02-11,Pak Qatar Islamic Pension Fund,163.6646,169.3110,163.6646,0.0000
2026-02-11,Pak Qatar Islamic Stock Fund,281.0603,290.7569,281.0603,0.0000
2026-02-11,Pak Qatar Khalis Bachat Plan,121.2265,125.4088,121.2265,0.0000
2026-02-11,Pak Qatar Monthly Income Plan,100.3684,103.8312,100.3684,0.0000
2026-02-11,Pak-Qatar Asset Allocation Plan III (PQAAP IIIA),180.7906,187.0279,180.7906,0.0000
2026-02-11,Pakistan Capital Market Fund,33.2700,34.0400,33.2700,0.0000
2026-02-11,Pakistan Cash Management Fund,50.4678,51.0482,50.4678,0.0000
2026-02-11,Pakistan Income Enhancement Fund,63.2571,64.7120,63.2571,0.0000
2026-02-11,Pakistan Income Fund,62.3509,63.7850,62.3509,0.0000
2026-02-11,Pakistan Pension Fund,2623.0200,2623.0200,2623.0200,0.0000
2026-02-11,Pakistan Pension Fund,637.9500,637.9500,637.9500,0.0000
2026-02-11,Pakistan Pension Fund,540.0100,540.0100,540.0100,0.0000
2026-02-11,UBL Asset Allocation Fund,356.0952,368.3805,356.0952,3.0000
2026-02-11,UBL Cash Fund,106.3864,106.3864,106.3864,0.0000
2026-02-11,UBL Financial Sector Fund,375.6216,388.5805,375.6216,3.0000
2026-02-11,UBL Fixed Return Plan II (AB),106.5247,106.5247,106.5247,0.0000
2026-02-11,UBL Fixed Return Plan II (M),107.8417,107.8417,107.8417,0.0000
2026-02-11,UBL Fixed Return Plan III (X),106.8427,106.8427,106.8427,0.0000
2026-02-11,UBL Fixed Return Plan III (Y),102.6412,102.6412,102.6412,0.0000
2026-02-11,UBL Fixed Return Plan III (Z),105.7569,105.7569,105.7569,0.0000
2026-02-11,UBL Fixed Return Plan IV (G),106.1361,106.1361,106.1361,0.0000
2026-02-11,UBL Fixed Return Plan IV (M),107.3672,107.3672,107.3672,0.0000
2026-02-11,UBL Fixed Return Plan IV (O),106.2768,106.2768,106.2768,0.0000
2026-02-11,UBL Government Securities Fund,114.4511,115.7673,114.4511,1.0000
2026-02-11,UBL Growth & Income Fund,91.3802,92.9565,91.3802,1.5000
2026-02-11,UBL Income Opportunity Fund,115.6930,117.6887,115.6930,1.5000
2026-02-11,UBL Liquidity Fund,104.4370,104.4370,104.4370,0.0000
2026-02-11,UBL Liquidity Plus Fund,107.7403,107.7403,107.7403,0.0000
2026-02-11,UBL Money Market Fund,107.3836,108.6185,107.3836,1.0000
2026-02-11,UBL Pakistan Enterprise Exchange Traded Fund,42.1959,42.1959,42.1959,0.0000
2026-02-11,UBL Punjab Pension Fund,101.2352,101.2352,101.2352,0.0000
2026-02-11,UBL Retirement Saving Fund,3710.1078,3710.1078,3710.1078,3.0000
2026-02-11,UBL Retirement Saving Fund,416.9773,416.9773,416.9773,3.0000
2026-02-11,UBL Retirement Saving Fund,547.1817,547.1817,547.1817,3.0000
2026-02-11,UBL Retirement Saving Fund,494.7700,494.7700,494.7700,3.0000
2026-02-11,UBL Special Savings Plan V,107.7673,109.0066,105.3318,0.0000
2026-02-11,UBL Special Savings Plan X,108.6854,110.3157,108.6854,1.5000
2026-02-11,UBL Stock Advantage Fund,289.5000,297.8200,289.5000,3.0000
2026-02-11,UBL Voluntary Pension Fund KPK,137.6914,137.6914,137.6914,0.0000
2026-02-11,Unit Trust of Pakistan,461.3200,477.2400,461.3200,0.0000
